<?xml version="1.0" encoding="utf-8"?>
<centauros>
   <objeto id="a944" nome="Hidalgo" numero="944" anoDescobrimento="1920" categoria="centauro"
      raioMedUA="5.742" excentricidade="0.660" perielioUA="1.950" afelioUA="9.534" massaKg="8.4e15"
      inclinacao="42.6" diametrokm="31" periodoOrbitalD="5029.5" descobertoPor="Walter Baade"/>
   <objeto id="tno1977.ub" nome="Chiron" numero="2060" anoDescobrimento="1977" categoria="centauro"
      raioMedUA="13.698" excentricidade="0.379" perielioUA="8.513" afelioUA="18.883"
      inclinacao="6.9" diametrokm="173"/>
   <objeto id="a5145" nome="Pholus" numero="5145" anoDescobrimento="1992" categoria="centauro"
      raioMedUA="20.303" excentricidade="0.572" perielioUA="8.691" afelioUA="31.914"
      inclinacao="24.7" diametrokm="171" massaKg="6.6e18" periodoOrbitalD="33547"
      descobertoPor="David Rabonowitz"/>
   <objeto id="a7066" nome="Nessus" numero="7066" anoDescobrimento="1993" categoria="centauro"
      raioMedUA="24.617" excentricidade="0.518" perielioUA="11.872" afelioUA="37.362"
      inclinacao="15.6" diametrokm="60" massaKg="1.6e17" periodoOrbitalD="44714.8"
      descobertoPor="David Rabonowitz"/>
   <objeto id="a8405" nome="Asbolus" numero="8405" anoDescobrimento="1995" categoria="centauro"
      raioMedUA="18.115" excentricidade="0.621" perielioUA="6.862" afelioUA="29.369"
      inclinacao="17.6" diametrokm="76" periodoOrbitalD="28080"
      descobertoPor="J. V. Scotti, R. Jedicke"/>
   <objeto id="a10199" nome="Chariklo" numero="10199" anoDescobrimento="1997" categoria="centauro"
      raioMedUA="15.763" excentricidade="0.170" perielioUA="13.076" afelioUA="18.449"
      inclinacao="23.4" diametrokm="259" periodoOrbitalD="23087" descobertoPor="James V. Scotti"/>
   <objeto id="a10370" nome="Hylonome" numero="10370" anoDescobrimento="1995" categoria="centauro"
      raioMedUA="25.031" excentricidade="0.245" perielioUA="18.894" afelioUA="31.167"
      inclinacao="4.1" diametrokm="70" periodoOrbitalD="46019"
      descobertoPor="David Hewitt, Jane Luu"/>
   <objeto id="tno1999.td10" nome="29981" numero="29981" anoDescobrimento="1999"
      categoria="centauro" raioMedUA="98.694" excentricidade="0.875" perielioUA="12.288"
      afelioUA="185.100" inclinacao="6.0" diametrokm="97"/>
   <objeto id="tno1999.ug5" nome="Elatus" numero="31824" anoDescobrimento="1999"
      categoria="centauro" raioMedUA="11.767" excentricidade="0.384" perielioUA="7.243"
      afelioUA="16.292" inclinacao="5.2" diametrokm="39"/>
   <objeto id="tno2001.pt13" nome="Thereus" numero="32532" anoDescobrimento="2001"
      categoria="centauro" raioMedUA="10.657" excentricidade="0.198" perielioUA="8.550"
      afelioUA="12.764" inclinacao="20.3" diametrokm="84"/>
   <objeto id="tno1998.bu48" nome="33128" numero="33128" anoDescobrimento="1998"
      categoria="centauro" raioMedUA="33.175" excentricidade="0.384" perielioUA="20.426"
      afelioUA="45.925" inclinacao="14.3" diametrokm="160"/>
   <objeto id="tno2002.cr46" nome="Typhon" numero="42355" anoDescobrimento="2002"
      categoria="centauro" raioMedUA="37.603" excentricidade="0.534" perielioUA="17.518"
      afelioUA="57.688" inclinacao="2.4" diametrokm="152" descobertoPor="NEAT" massaKg=""
      periodoOrbitalD="84229">
      <satelite id="s42355.1" nome="Equidna" diametrokm="79" raioMedOrbitakm="1300"
         anoDescobrimento="2006" descobertoPor="K. Noll et al"/>
   </objeto>
   <objeto id="tno1999.ox3" nome="44594" numero="44594" anoDescobrimento="1999" categoria="centauro"
      raioMedUA="32.500" excentricidade="0.458" perielioUA="17.629" afelioUA="47.371"
      inclinacao="2.6" diametrokm="146"/>
   <objeto id="tno1998.qm107" nome="Pelion" numero="49036" anoDescobrimento="1998"
      categoria="centauro" raioMedUA="20.081" excentricidade="0.137" perielioUA="17.328"
      afelioUA="22.833" inclinacao="9.3" diametrokm="37"/>
   <objeto id="tno1998.sg35" nome="Okyrhoe" numero="52872" anoDescobrimento="1998"
      categoria="centauro" raioMedUA="8.347" excentricidade="0.306" perielioUA="5.795"
      afelioUA="10.900" inclinacao="15.7" diametrokm="49"/>
   <objeto id="tno1998.tf35" nome="Cyllarus" numero="52975" anoDescobrimento="1998"
      categoria="centauro" raioMedUA="26.211" excentricidade="0.381" perielioUA="16.237"
      afelioUA="36.185" inclinacao="12.6" diametrokm="62"/>
   <objeto id="tno2000.pj30" nome="54520" numero="54520" anoDescobrimento="2000"
      categoria="centauro" raioMedUA="124.481" excentricidade="0.769" perielioUA="28.747"
      afelioUA="220.216" inclinacao="5.7" diametrokm="111"/>
   <objeto id="tno2000.qc243" nome="Bienor" numero="54598" anoDescobrimento="2000"
      categoria="centauro" raioMedUA="16.554" excentricidade="0.199" perielioUA="13.258"
      afelioUA="19.850" inclinacao="20.7" diametrokm="191"/>
   <objeto id="tno2002.gb10" nome="Amycus" numero="55576" anoDescobrimento="2002"
      categoria="centauro" raioMedUA="25.025" excentricidade="0.393" perielioUA="15.198"
      afelioUA="34.852" inclinacao="13.3" diametrokm="76" periodoOrbitalD="46065"
      descobertoPor="NEAT"/>
   <objeto id="tno2000.ec98" nome="Echeclus" numero="60558" anoDescobrimento="2000"
      categoria="centauro" raioMedUA="10.742" excentricidade="0.458" perielioUA="5.822"
      afelioUA="15.662" inclinacao="4.3" diametrokm="77"/>
   <objeto id="tno2000.ee173" nome="60608" numero="60608" anoDescobrimento="2000"
      categoria="centauro" raioMedUA="48.907" excentricidade="0.538" perielioUA="22.582"
      afelioUA="75.232" inclinacao="6.0" diametrokm="84"/>
   <objeto id="tno2001.bl41" nome="63252" numero="63252" anoDescobrimento="2001"
      categoria="centauro" raioMedUA="9.726" excentricidade="0.296" perielioUA="6.847"
      afelioUA="12.604" inclinacao="12.5" diametrokm="35"/>
   <objeto id="tno2003.fx128" nome="Ceto" numero="65489" anoDescobrimento="2003"
      categoria="centauro" raioMedUA="99.676" excentricidade="0.821" perielioUA="17.795"
      afelioUA="181.557" inclinacao="22.3" diametrokm="183"
      descobertoPor="Michael Brown, Chadwick Trujillo" massaKg="" periodoOrbitalD="364519">
      <satelite id="s65489.1" nome="Forsis" diametrokm="132" raioMedOrbitakm="-1"
         anoDescobrimento="2006" descobertoPor="K. Noll et al"/>
   </objeto>
   <objeto id="tno2002.pn34" nome="73480" numero="73480" anoDescobrimento="2002"
      categoria="centauro" raioMedUA="31.246" excentricidade="0.572" perielioUA="13.363"
      afelioUA="49.129" inclinacao="16.6" diametrokm="120"/>
   <objeto id="tno2002.go9" nome="Crantor" numero="83982" anoDescobrimento="2002"
      categoria="centauro" raioMedUA="19.434" excentricidade="0.276" perielioUA="14.063"
      afelioUA="24.805" inclinacao="12.8" diametrokm="60"/>
   <objeto id="tno2000.oo67" nome="87269" numero="87269" anoDescobrimento="2000"
      categoria="centauro" raioMedUA="670.352" excentricidade="0.969" perielioUA="20.776"
      afelioUA="1319.927" inclinacao="20.1" diametrokm="64" periodoOrbitalD="4640599"
      descobertoPor="Cerro Tololo"/>
   <objeto id="tno2000.qb243" nome="87555" numero="87555" anoDescobrimento="2000"
      categoria="centauro" raioMedUA="35.165" excentricidade="0.564" perielioUA="15.323"
      afelioUA="55.006" inclinacao="6.8" diametrokm="96"/>
   <objeto id="tno2001.kf77" nome="88269" numero="88269" anoDescobrimento="2001"
      categoria="centauro" raioMedUA="26.015" excentricidade="0.240" perielioUA="19.772"
      afelioUA="32.258" inclinacao="4.4" diametrokm="55"/>
   <objeto id="tno2002.gz32" nome="95626" numero="95626" anoDescobrimento="2002"
      categoria="centauro" raioMedUA="23.038" excentricidade="0.219" perielioUA="17.990"
      afelioUA="28.085" inclinacao="15.0" diametrokm="192"/>
   <objeto id="tno2001.sq73" nome="119315" numero="119315" anoDescobrimento="2001"
      categoria="centauro" raioMedUA="17.491" excentricidade="0.177" perielioUA="14.402"
      afelioUA="20.580" inclinacao="17.4" diametrokm="53"/>
   <objeto id="tno2002.vr130" nome="119976" numero="119976" anoDescobrimento="2002"
      categoria="centauro" raioMedUA="24.015" excentricidade="0.387" perielioUA="14.725"
      afelioUA="33.304" inclinacao="3.5" diametrokm="28"/>
   <objeto id="tno2003.co1" nome="120061" numero="120061" anoDescobrimento="2003"
      categoria="centauro" raioMedUA="20.734" excentricidade="0.473" perielioUA="10.925"
      afelioUA="30.544" inclinacao="19.7" diametrokm="77"/>
   <objeto id="tno1999.xx143" nome="121725" numero="121725" anoDescobrimento="1999"
      categoria="centauro" raioMedUA="17.921" excentricidade="0.465" perielioUA="9.587"
      afelioUA="26.255" inclinacao="6.8" diametrokm="84"/>
   <objeto id="tno2002.xu93" nome="127546" numero="127546" anoDescobrimento="2002"
      categoria="centauro" raioMedUA="66.450" excentricidade="0.684" perielioUA="20.982"
      afelioUA="111.918" inclinacao="77.9" diametrokm="111"/>
   <objeto id="tno2003.wl7" nome="136204" numero="136204" anoDescobrimento="2003"
      categoria="centauro" raioMedUA="20.197" excentricidade="0.260" perielioUA="14.954"
      afelioUA="25.440" inclinacao="11.2" diametrokm="80"/>
   <objeto id="tno2005.uj438" nome="145486" numero="145486" anoDescobrimento="2005"
      categoria="centauro" raioMedUA="17.606" excentricidade="0.531" perielioUA="8.258"
      afelioUA="26.953" inclinacao="3.8" diametrokm="35"/>
   <objeto id="tno2001.xa255" nome="148975" numero="148975" anoDescobrimento="2001"
      categoria="centauro" raioMedUA="29.076" excentricidade="0.679" perielioUA="9.337"
      afelioUA="48.815" inclinacao="12.6" diametrokm="25"/>
   <objeto id="tno2003.qz91" nome="149560" numero="149560" anoDescobrimento="2003"
      categoria="centauro" raioMedUA="41.828" excentricidade="0.479" perielioUA="21.793"
      afelioUA="61.863" inclinacao="34.8" diametrokm="106"/>
   <objeto id="tno2005.rl43" nome="160427" numero="160427" anoDescobrimento="2005"
      categoria="centauro" raioMedUA="24.617" excentricidade="0.046" perielioUA="23.490"
      afelioUA="25.744" inclinacao="12.2" diametrokm="92"/>
   <objeto id="tno2007.jg43" nome="187661" numero="187661" anoDescobrimento="2007"
      categoria="centauro" raioMedUA="24.022" excentricidade="0.406" perielioUA="14.280"
      afelioUA="33.765" inclinacao="33.1" diametrokm="61"/>
   <objeto id="tno2007.du112" nome="241097" numero="241097" anoDescobrimento="2007"
      categoria="centauro" raioMedUA="40.411" excentricidade="0.776" perielioUA="9.037"
      afelioUA="71.785" inclinacao="15.7" diametrokm="27"/>
   <objeto id="tno1994.ta" nome="1994 TA" anoDescobrimento="1994" categoria="centauro"
      raioMedUA="16.772" excentricidade="0.302" perielioUA="11.704" afelioUA="21.839"
      inclinacao="5.4" diametrokm="22"/>
   <objeto id="tno1995.sn55" nome="1995 SN55" anoDescobrimento="1995" categoria="centauro"
      raioMedUA="23.564" excentricidade="0.663" perielioUA="7.938" afelioUA="39.190"
      inclinacao="5.0" diametrokm="278"/>
   <objeto id="tno1996.ar20" nome="1996 AR20" anoDescobrimento="1996" categoria="centauro"
      raioMedUA="15.197" excentricidade="0.627" perielioUA="5.666" afelioUA="24.729"
      inclinacao="6.2" diametrokm="7"/>
   <objeto id="tno1996.as20" nome="1996 AS20" anoDescobrimento="1996" categoria="centauro"
      raioMedUA="35.787" excentricidade="0.621" perielioUA="13.565" afelioUA="58.009"
      inclinacao="10.6" diametrokm="61"/>
   <objeto id="tno1996.rx33" nome="1996 RX33" anoDescobrimento="1996" categoria="centauro"
      raioMedUA="23.868" excentricidade="0.204" perielioUA="19.009" afelioUA="28.728"
      inclinacao="9.4" diametrokm="61"/>
   <objeto id="tno1999.hd12" nome="1999 HD12" anoDescobrimento="1999" categoria="centauro"
      raioMedUA="21.322" excentricidade="0.583" perielioUA="8.898" afelioUA="33.747"
      inclinacao="10.1" diametrokm="12"/>
   <objeto id="tno1999.jv127" nome="1999 JV127" anoDescobrimento="1999" categoria="centauro"
      raioMedUA="16.724" excentricidade="0.359" perielioUA="10.719" afelioUA="22.729"
      inclinacao="25.5" diametrokm="37"/>
   <objeto id="tno2000.co104" nome="2000 CO104" anoDescobrimento="2000" categoria="centauro"
      raioMedUA="24.031" excentricidade="0.144" perielioUA="20.562" afelioUA="27.500"
      inclinacao="3.1" diametrokm="42"/>
   <objeto id="tno2000.fz53" nome="2000 FZ53" anoDescobrimento="2000" categoria="centauro"
      raioMedUA="23.735" excentricidade="0.478" perielioUA="12.394" afelioUA="35.077"
      inclinacao="34.9" diametrokm="23"/>
   <objeto id="tno2000.gm137" nome="2000 GM137" anoDescobrimento="2000" categoria="centauro"
      raioMedUA="7.903" excentricidade="0.119" perielioUA="6.962" afelioUA="8.845" inclinacao="15.8"
      diametrokm="6"/>
   <objeto id="tno2000.sn331" nome="2000 SN331" anoDescobrimento="2000" categoria="centauro"
      raioMedUA="17.988" excentricidade="0.201" perielioUA="14.374" afelioUA="21.601"
      inclinacao="14.7" diametrokm="29"/>
   <objeto id="tno2000.sq331" nome="2000 SQ331" anoDescobrimento="2000" categoria="centauro"
      raioMedUA="69.807" excentricidade="0.707" perielioUA="20.473" afelioUA="119.141"
      inclinacao="5.4" diametrokm="32"/>
   <objeto id="tno2000.yy1" nome="2000 YY1" anoDescobrimento="2000" categoria="centauro"
      raioMedUA="63.437" excentricidade="0.529" perielioUA="29.891" afelioUA="96.984"
      inclinacao="7.9" diametrokm="167"/>
   <objeto id="tno2001.fk194" nome="2001 FK194" anoDescobrimento="2001" categoria="centauro"
      raioMedUA="76.325" excentricidade="0.633" perielioUA="28.010" afelioUA="124.640"
      inclinacao="8.8" diametrokm="73"/>
   <objeto id="tno2001.xz255" nome="2001 XZ255" anoDescobrimento="2001" categoria="centauro"
      raioMedUA="15.906" excentricidade="0.036" perielioUA="15.329" afelioUA="16.483"
      inclinacao="2.6" diametrokm="27"/>
   <objeto id="tno2002.ca249" nome="2002 CA249" anoDescobrimento="2002" categoria="centauro"
      raioMedUA="20.713" excentricidade="0.385" perielioUA="12.744" afelioUA="28.681"
      inclinacao="6.4" diametrokm="18"/>
   <objeto id="tno2002.cb249" nome="2002 CB249" anoDescobrimento="2002" categoria="centauro"
      raioMedUA="28.421" excentricidade="0.511" perielioUA="13.899" afelioUA="42.943"
      inclinacao="14.0" diametrokm="48"/>
   <objeto id="tno2002.dh5" nome="2002 DH5" anoDescobrimento="2002" categoria="centauro"
      raioMedUA="21.967" excentricidade="0.365" perielioUA="13.953" afelioUA="29.981"
      inclinacao="22.5" diametrokm="42"/>
   <objeto id="tno2002.fy36" nome="2002 FY36" anoDescobrimento="2002" categoria="centauro"
      raioMedUA="28.969" excentricidade="0.114" perielioUA="25.654" afelioUA="32.284"
      inclinacao="5.4" diametrokm="92"/>
   <objeto id="tno2002.ky14" nome="2002 KY14" anoDescobrimento="2002" categoria="centauro"
      raioMedUA="12.632" excentricidade="0.318" perielioUA="8.618" afelioUA="16.646"
      inclinacao="19.5" diametrokm="55"/>
   <objeto id="tno2002.pq152" nome="2002 PQ152" anoDescobrimento="2002" categoria="centauro"
      raioMedUA="25.930" excentricidade="0.192" perielioUA="20.940" afelioUA="30.920"
      inclinacao="9.3" diametrokm="73"/>
   <objeto id="tno2002.qx47" nome="2002 QX47" anoDescobrimento="2002" categoria="centauro"
      raioMedUA="25.604" excentricidade="0.375" perielioUA="15.990" afelioUA="35.217"
      inclinacao="7.3" diametrokm="73"/>
   <objeto id="tno2002.tk301" nome="2002 TK301" anoDescobrimento="2002" categoria="centauro"
      raioMedUA="16.100" excentricidade="0.132" perielioUA="13.969" afelioUA="18.230"
      inclinacao="24.4" diametrokm="9"/>
   <objeto id="tno2002.vg131" nome="2002 VG131" anoDescobrimento="2002" categoria="centauro"
      raioMedUA="19.105" excentricidade="0.343" perielioUA="12.550" afelioUA="25.660"
      inclinacao="21.2" diametrokm="24"/>
   <objeto id="tno2003.fh129" nome="2003 FH129" anoDescobrimento="2003" categoria="centauro"
      raioMedUA="70.848" excentricidade="0.611" perielioUA="27.584" afelioUA="114.112"
      inclinacao="18.7" diametrokm="101"/>
   <objeto id="tno2003.kq20" nome="2003 KQ20" anoDescobrimento="2003" categoria="centauro"
      raioMedUA="10.563" excentricidade="0.194" perielioUA="8.515" afelioUA="12.610"
      inclinacao="5.7" diametrokm="11"/>
   <objeto id="tno2003.lh7" nome="2003 LH7" anoDescobrimento="2003" categoria="centauro"
      raioMedUA="16.964" excentricidade="0.292" perielioUA="12.002" afelioUA="21.925"
      inclinacao="21.2" diametrokm="14"/>
   <objeto id="tno2003.qc112" nome="2003 QC112" anoDescobrimento="2003" categoria="centauro"
      raioMedUA="22.191" excentricidade="0.209" perielioUA="17.560" afelioUA="26.822"
      inclinacao="16.7" diametrokm="80"/>
   <objeto id="tno2003.qd112" nome="2003 QD112" anoDescobrimento="2003" categoria="centauro"
      raioMedUA="19.113" excentricidade="0.582" perielioUA="7.984" afelioUA="30.241"
      inclinacao="14.5" diametrokm="28"/>
   <objeto id="tno2003.qm112" nome="2003 QM112" anoDescobrimento="2003" categoria="centauro"
      raioMedUA="83.398" excentricidade="0.842" perielioUA="13.170" afelioUA="153.626"
      inclinacao="16.4" diametrokm="7"/>
   <objeto id="tno2003.qn112" nome="2003 QN112" anoDescobrimento="2003" categoria="centauro"
      raioMedUA="25.115" excentricidade="0.333" perielioUA="16.743" afelioUA="33.488"
      inclinacao="7.9" diametrokm="12"/>
   <objeto id="tno2003.qo112" nome="2003 QO112" anoDescobrimento="2003" categoria="centauro"
      raioMedUA="33.331" excentricidade="0.504" perielioUA="16.545" afelioUA="50.118"
      inclinacao="7.0" diametrokm="18"/>
   <objeto id="tno2003.qp112" nome="2003 QP112" anoDescobrimento="2003" categoria="centauro"
      raioMedUA="21.129" excentricidade="0.329" perielioUA="14.184" afelioUA="28.074"
      inclinacao="31.2" diametrokm="13"/>
   <objeto id="tno2003.qw113" nome="2003 QW113" anoDescobrimento="2003" categoria="centauro"
      raioMedUA="51.532" excentricidade="0.488" perielioUA="26.400" afelioUA="76.664"
      inclinacao="6.9" diametrokm="127"/>
   <objeto id="tno2003.uc414" nome="2003 UC414" anoDescobrimento="2003" categoria="centauro"
      raioMedUA="44.936" excentricidade="0.637" perielioUA="16.327" afelioUA="73.545"
      inclinacao="25.9" diametrokm="96"/>
   <objeto id="tno2003.uy292" nome="2003 UY292" anoDescobrimento="2003" categoria="centauro"
      raioMedUA="21.864" excentricidade="0.272" perielioUA="15.913" afelioUA="27.816"
      inclinacao="8.6" diametrokm="40"/>
   <objeto id="tno2003.uy413" nome="2003 UY413" anoDescobrimento="2003" categoria="centauro"
      raioMedUA="67.512" excentricidade="0.579" perielioUA="28.426" afelioUA="106.598"
      inclinacao="20.6" diametrokm="319"/>
   <objeto id="tno2004.cj39" nome="2004 CJ39" anoDescobrimento="2004" categoria="centauro"
      raioMedUA="12.959" excentricidade="0.482" perielioUA="6.715" afelioUA="19.204"
      inclinacao="3.6" diametrokm="7"/>
   <objeto id="tno2004.kv18" nome="2004 KV18" anoDescobrimento="2004" categoria="centauro"
      raioMedUA="26.918" excentricidade="0.003" perielioUA="26.834" afelioUA="27.002"
      inclinacao="14.2" diametrokm="58"/>
   <objeto id="tno2004.lr31" nome="2004 LR31" anoDescobrimento="2004" categoria="centauro"
      raioMedUA="28.575" excentricidade="0.559" perielioUA="12.611" afelioUA="44.538"
      inclinacao="16.7" diametrokm="61"/>
   <objeto id="tno2004.pa108" nome="2004 PA108" anoDescobrimento="2004" categoria="centauro"
      raioMedUA="54.641" excentricidade="0.462" perielioUA="29.393" afelioUA="79.889"
      inclinacao="1.1" diametrokm="242"/>
   <objeto id="tno2004.qq26" nome="2004 QQ26" anoDescobrimento="2004" categoria="centauro"
      raioMedUA="22.926" excentricidade="0.148" perielioUA="19.535" afelioUA="26.317"
      inclinacao="21.5" diametrokm="55"/>
   <objeto id="tno2004.vp112" nome="2004 VP112" anoDescobrimento="2004" categoria="centauro"
      raioMedUA="8.701" excentricidade="0.047" perielioUA="8.288" afelioUA="9.113" inclinacao="6.9"
      diametrokm="4"/>
   <objeto id="tno2004.vt130" nome="2004 VT130" anoDescobrimento="2004" categoria="centauro"
      raioMedUA="9.039" excentricidade="0.117" perielioUA="7.985" afelioUA="10.093"
      inclinacao="18.3" diametrokm="3"/>
   <objeto id="tno2004.xq190" nome="2004 XQ190" anoDescobrimento="2004" categoria="centauro"
      raioMedUA="23.058" excentricidade="0.010" perielioUA="22.824" afelioUA="23.291"
      inclinacao="6.3" diametrokm="18"/>
   <objeto id="tno2005.cc79" nome="2005 CC79" anoDescobrimento="2005" categoria="centauro"
      raioMedUA="20.068" excentricidade="0.163" perielioUA="16.793" afelioUA="23.344"
      inclinacao="28.3" diametrokm="192"/>
   <objeto id="tno2005.eb299" nome="2005 EB299" anoDescobrimento="2005" categoria="centauro"
      raioMedUA="51.748" excentricidade="0.508" perielioUA="25.444" afelioUA="78.053"
      inclinacao="0.7" diametrokm="111"/>
   <objeto id="tno2005.pu21" nome="2005 PU21" anoDescobrimento="2005" categoria="centauro"
      raioMedUA="180.447" excentricidade="0.837" perielioUA="29.341" afelioUA="331.552"
      inclinacao="6.2" diametrokm="265"/>
   <objeto id="tno2005.ro43" nome="2005 RO43" anoDescobrimento="2005" categoria="centauro"
      raioMedUA="28.880" excentricidade="0.518" perielioUA="13.908" afelioUA="43.853"
      inclinacao="35.4" diametrokm="153"/>
   <objeto id="tno2005.th173" nome="2005 TH173" anoDescobrimento="2005" categoria="centauro"
      raioMedUA="15.724" excentricidade="0.014" perielioUA="15.500" afelioUA="15.948"
      inclinacao="15.7" diametrokm="28"/>
   <objeto id="tno2005.un524" nome="2005 UN524" anoDescobrimento="2005" categoria="centauro"
      raioMedUA="21.581" excentricidade="0.131" perielioUA="18.746" afelioUA="24.417"
      inclinacao="17.8" diametrokm="55"/>
   <objeto id="tno2005.vb123" nome="2005 VB123" anoDescobrimento="2005" categoria="centauro"
      raioMedUA="17.744" excentricidade="0.009" perielioUA="17.592" afelioUA="17.896"
      inclinacao="38.9" diametrokm="40"/>
   <objeto id="tno2005.vd" nome="2005 VD" anoDescobrimento="2005" categoria="centauro"
      raioMedUA="6.665" excentricidade="0.249" perielioUA="5.007" afelioUA="8.324"
      inclinacao="172.9" diametrokm="6"/>
   <objeto id="tno2005.vj119" nome="2005 VJ119" anoDescobrimento="2005" categoria="centauro"
      raioMedUA="35.230" excentricidade="0.680" perielioUA="11.269" afelioUA="59.192"
      inclinacao="7.0" diametrokm="33"/>
   <objeto id="tno2006.aa99" nome="2006 AA99" anoDescobrimento="2006" categoria="centauro"
      raioMedUA="26.859" excentricidade="0.045" perielioUA="25.639" afelioUA="28.079"
      inclinacao="33.4" diametrokm="18"/>
   <objeto id="tno2006.hh123" nome="2006 HH123" anoDescobrimento="2006" categoria="centauro"
      raioMedUA="55.709" excentricidade="0.464" perielioUA="29.875" afelioUA="81.544"
      inclinacao="44.1" diametrokm="401"/>
   <objeto id="tno2006.qg181" nome="2006 QG181" anoDescobrimento="2006" categoria="centauro"
      raioMedUA="45.542" excentricidade="0.521" perielioUA="21.806" afelioUA="69.278"
      inclinacao="7.3" diametrokm="92"/>
   <objeto id="tno2006.qp180" nome="2006 QP180" anoDescobrimento="2006" categoria="centauro"
      raioMedUA="38.600" excentricidade="0.658" perielioUA="13.206" afelioUA="63.994"
      inclinacao="5.0" diametrokm="48"/>
   <objeto id="tno2006.sq372" nome="2006 SQ372" anoDescobrimento="2006" categoria="centauro"
      raioMedUA="1059.907" excentricidade="0.977" perielioUA="24.176" afelioUA="2095.639"
      inclinacao="19.4" diametrokm="106" periodoOrbitalD="13005781"
      descobertoPor="A. C. Becker, A. W. Puckett, J. Kubica"/>
   <objeto id="tno2006.sx368" nome="2006 SX368" anoDescobrimento="2006" categoria="centauro"
      raioMedUA="22.293" excentricidade="0.463" perielioUA="11.961" afelioUA="32.625"
      inclinacao="36.3" diametrokm="75"/>
   <objeto id="tno2006.ul321" nome="2006 UL321" anoDescobrimento="2006" categoria="centauro"
      raioMedUA="260.764" excentricidade="0.910" perielioUA="23.494" afelioUA="498.035"
      inclinacao="37.4" diametrokm="133"/>
   <objeto id="tno2006.ux184" nome="2006 UX184" anoDescobrimento="2006" categoria="centauro"
      raioMedUA="38.125" excentricidade="0.464" perielioUA="20.445" afelioUA="55.804"
      inclinacao="37.4" diametrokm="96"/>
   <objeto id="tno2006.xq51" nome="2006 XQ51" anoDescobrimento="2006" categoria="centauro"
      raioMedUA="15.885" excentricidade="0.378" perielioUA="9.880" afelioUA="21.890"
      inclinacao="31.6" diametrokm="48"/>
   <objeto id="tno2007.jk43" nome="2007 JK43" anoDescobrimento="2007" categoria="centauro"
      raioMedUA="46.265" excentricidade="0.491" perielioUA="23.554" afelioUA="68.976"
      inclinacao="44.9" diametrokm="133"/>
   <objeto id="tno2007.nc7" nome="2007 NC7" anoDescobrimento="2007" categoria="centauro"
      raioMedUA="34.349" excentricidade="0.506" perielioUA="16.964" afelioUA="51.734"
      inclinacao="6.3" diametrokm="84"/>
   <objeto id="tno2007.rg283" nome="2007 RG283" anoDescobrimento="2007" categoria="centauro"
      raioMedUA="20.001" excentricidade="0.234" perielioUA="15.328" afelioUA="24.674"
      inclinacao="28.8" diametrokm="76"/>
   <objeto id="tno2007.rh283" nome="2007 RH283" anoDescobrimento="2007" categoria="centauro"
      raioMedUA="15.975" excentricidade="0.339" perielioUA="10.565" afelioUA="21.385"
      inclinacao="21.4" diametrokm="92"/>
   <objeto id="tno2007.rw10" nome="2007 RW10" anoDescobrimento="2007" categoria="centauro"
      raioMedUA="30.408" excentricidade="0.302" perielioUA="21.218" afelioUA="39.599"
      inclinacao="36.0" diametrokm="221"/>
   <objeto id="tno2007.tb434" nome="2007 TB434" anoDescobrimento="2007" categoria="centauro"
      raioMedUA="8.704" excentricidade="0.026" perielioUA="8.477" afelioUA="8.931" inclinacao="9.8"
      diametrokm="5"/>
   <objeto id="tno2007.tj422" nome="2007 TJ422" anoDescobrimento="2007" categoria="centauro"
      raioMedUA="19.644" excentricidade="0.527" perielioUA="9.284" afelioUA="30.003"
      inclinacao="2.9" diametrokm="27"/>
   <objeto id="tno2007.tk422" nome="2007 TK422" anoDescobrimento="2007" categoria="centauro"
      raioMedUA="21.264" excentricidade="0.198" perielioUA="17.054" afelioUA="25.474"
      inclinacao="3.1" diametrokm="80"/>
   <objeto id="tno2007.tr436" nome="2007 TR436" anoDescobrimento="2007" categoria="centauro"
      raioMedUA="62.994" excentricidade="0.595" perielioUA="25.497" afelioUA="100.491"
      inclinacao="31.7" diametrokm="55"/>
   <objeto id="tno2007.tu431" nome="2007 TU431" anoDescobrimento="2007" categoria="centauro"
      raioMedUA="126.641" excentricidade="0.831" perielioUA="21.427" afelioUA="231.855"
      inclinacao="6.7" diametrokm="37"/>
   <objeto id="tno2007.um126" nome="2007 UM126" anoDescobrimento="2007" categoria="centauro"
      raioMedUA="12.919" excentricidade="0.340" perielioUA="8.530" afelioUA="17.308"
      inclinacao="41.7" diametrokm="42"/>
   <objeto id="tno2007.vh305" nome="2007 VH305" anoDescobrimento="2007" categoria="centauro"
      raioMedUA="24.553" excentricidade="0.666" perielioUA="8.189" afelioUA="40.918"
      inclinacao="6.2" diametrokm="22"/>
   <objeto id="tno2008.fc76" nome="2008 FC76" anoDescobrimento="2008" categoria="centauro"
      raioMedUA="14.795" excentricidade="0.311" perielioUA="10.186" afelioUA="19.403"
      inclinacao="27.1" diametrokm="67"/>
   <objeto id="tno2008.hy21" nome="2008 HY21" anoDescobrimento="2008" categoria="centauro"
      raioMedUA="10.973" excentricidade="0.507" perielioUA="5.409" afelioUA="16.537"
      inclinacao="12.0" diametrokm="17"/>
   <objeto id="tno2008.kv42" nome="2008 KV42" anoDescobrimento="2008" categoria="centauro"
      raioMedUA="41.833" excentricidade="0.494" perielioUA="21.175" afelioUA="62.492"
      inclinacao="103.4" diametrokm="76"/>
   <objeto id="tno2008.lp17" nome="2008 LP17" anoDescobrimento="2008" categoria="centauro"
      raioMedUA="87.663" excentricidade="0.658" perielioUA="29.964" afelioUA="145.362"
      inclinacao="14.1" diametrokm="211"/>
   <objeto id="tno2008.qd4" nome="2008 QD4" anoDescobrimento="2008" categoria="centauro"
      raioMedUA="8.431" excentricidade="0.355" perielioUA="5.440" afelioUA="11.421"
      inclinacao="42.0" diametrokm="25"/>
   <objeto id="tno2008.sj236" nome="2008 SJ236" anoDescobrimento="2008" categoria="centauro"
      raioMedUA="10.973" excentricidade="0.439" perielioUA="6.158" afelioUA="15.789"
      inclinacao="6.0" diametrokm="16"/>
   <objeto id="tno2008.uz331" nome="2008 UZ331" anoDescobrimento="2008" categoria="centauro"
      raioMedUA="18.363" excentricidade="0.035" perielioUA="17.712" afelioUA="19.014"
      inclinacao="32.6" diametrokm="58"/>
   <objeto id="tno2008.uz6" nome="2008 UZ6" anoDescobrimento="2008" categoria="centauro"
      raioMedUA="27.398" excentricidade="0.614" perielioUA="10.569" afelioUA="44.226"
      inclinacao="35.8" diametrokm="32"/>
   <objeto id="tno2008.yb3" nome="2008 YB3" anoDescobrimento="2008" categoria="centauro"
      raioMedUA="11.657" excentricidade="0.444" perielioUA="6.486" afelioUA="16.828"
      inclinacao="105.1" diametrokm="58"/>
   <objeto id="tno2009.hh36" nome="2009 HH36" anoDescobrimento="2009" categoria="centauro"
      raioMedUA="12.756" excentricidade="0.448" perielioUA="7.045" afelioUA="18.466"
      inclinacao="23.3" diametrokm="33"/>
   <objeto id="tno2009.hw77" nome="2009 HW77" anoDescobrimento="2009" categoria="centauro"
      raioMedUA="21.434" excentricidade="0.418" perielioUA="12.466" afelioUA="30.401"
      inclinacao="17.9" diametrokm="64"/>
   <objeto id="tno2009.me10" nome="2009 ME10" anoDescobrimento="2009" categoria="centauro"
      raioMedUA="27.829" excentricidade="0.180" perielioUA="22.830" afelioUA="32.827"
      inclinacao="14.7" diametrokm="139"/>
   <objeto id="tno2009.ms9" nome="2009 MS9" anoDescobrimento="2009" categoria="centauro"
      raioMedUA="416.112" excentricidade="0.974" perielioUA="11.008" afelioUA="821.216"
      inclinacao="68.0" diametrokm="35"/>
   <objeto id="tno2009.qv38" nome="2009 QV38" anoDescobrimento="2009" categoria="centauro"
      raioMedUA="10.925" excentricidade="0.450" perielioUA="6.005" afelioUA="15.844"
      inclinacao="19.9" diametrokm="18"/>
   <objeto id="tno2009.yd7" nome="2009 YD7" anoDescobrimento="2009" categoria="centauro"
      raioMedUA="127.219" excentricidade="0.895" perielioUA="13.368" afelioUA="241.070"
      inclinacao="30.8" diametrokm="44"/>
   <objeto id="tno2009.yf7" nome="2009 YF7" anoDescobrimento="2009" categoria="centauro"
      raioMedUA="12.037" excentricidade="0.459" perielioUA="6.514" afelioUA="17.561"
      inclinacao="31.0" diametrokm="30"/>
   <objeto id="tno2010.bl4" nome="2010 BL4" anoDescobrimento="2010" categoria="centauro"
      raioMedUA="18.519" excentricidade="0.537" perielioUA="8.574" afelioUA="28.463"
      inclinacao="20.8" diametrokm="18"/>
   <objeto id="tno2010.en65" nome="2010 EN65" anoDescobrimento="2010" categoria="centauro"
      raioMedUA="30.549" excentricidade="0.312" perielioUA="21.031" afelioUA="40.067"
      inclinacao="19.2" diametrokm="183"/>
   <objeto id="tno2010.eo65" nome="2010 EO65" anoDescobrimento="2010" categoria="centauro"
      raioMedUA="25.078" excentricidade="0.445" perielioUA="13.929" afelioUA="36.226"
      inclinacao="11.4" diametrokm="51"/>
   <objeto id="tno2010.es65" nome="2010 ES65" anoDescobrimento="2010" categoria="centauro"
      raioMedUA="21.313" excentricidade="0.556" perielioUA="9.474" afelioUA="33.153"
      inclinacao="10.4" diametrokm="19"/>
   <objeto id="tno2010.eu65" nome="2010 EU65" anoDescobrimento="2010" categoria="centauro"
      raioMedUA="19.204" excentricidade="0.054" perielioUA="18.167" afelioUA="20.241"
      inclinacao="14.8" diametrokm="67"/>
   <objeto id="tno2010.fb49" nome="2010 FB49" anoDescobrimento="2010" categoria="centauro"
      raioMedUA="24.422" excentricidade="0.280" perielioUA="17.573" afelioUA="31.272"
      inclinacao="23.6" diametrokm="146"/>
   <objeto id="tno2010.fh92" nome="2010 FH92" anoDescobrimento="2010" categoria="centauro"
      raioMedUA="24.033" excentricidade="0.763" perielioUA="5.699" afelioUA="42.368"
      inclinacao="62.6" diametrokm="20"/>
   <objeto id="tno2010.gf65" nome="2010 GF65" anoDescobrimento="2010" categoria="centauro"
      raioMedUA="36.329" excentricidade="0.423" perielioUA="20.968" afelioUA="51.689"
      inclinacao="12.4" diametrokm="160"/>
   <objeto id="tno2010.gw147" nome="2010 GW147" anoDescobrimento="2010" categoria="centauro"
      raioMedUA="193.736" excentricidade="0.972" perielioUA="5.383" afelioUA="382.089"
      inclinacao="99.7" diametrokm="10"/>
   <objeto id="tno2010.gx34" nome="2010 GX34" anoDescobrimento="2010" categoria="centauro"
      raioMedUA="28.403" excentricidade="0.412" perielioUA="16.691" afelioUA="40.115"
      inclinacao="11.5" diametrokm="96"/>
   <objeto id="tno2010.hm23" nome="2010 HM23" anoDescobrimento="2010" categoria="centauro"
      raioMedUA="16.666" excentricidade="0.085" perielioUA="15.251" afelioUA="18.081"
      inclinacao="6.9" diametrokm="35"/>
   <objeto id="tno2010.jb80" nome="2010 JB80" anoDescobrimento="2010" categoria="centauro"
      raioMedUA="12.906" excentricidade="0.202" perielioUA="10.296" afelioUA="15.517"
      inclinacao="17.8" diametrokm="20"/>
   <objeto id="tno2010.jj124" nome="2010 JJ124" anoDescobrimento="2010" categoria="centauro"
      raioMedUA="86.180" excentricidade="0.738" perielioUA="22.557" afelioUA="149.803"
      inclinacao="39.3" diametrokm="211"/>
   <objeto id="tno2010.kr59" nome="2010 KR59" anoDescobrimento="2010" categoria="centauro"
      raioMedUA="29.720" excentricidade="0.563" perielioUA="12.984" afelioUA="46.456"
      inclinacao="19.7" diametrokm="127"/>
   <objeto id="tno2010.kz39" nome="2010 KZ39" anoDescobrimento="2010" categoria="centauro"
      raioMedUA="184.406" excentricidade="0.858" perielioUA="26.135" afelioUA="342.676"
      inclinacao="24.6" diametrokm="697"/>
   <objeto id="tno2010.lj109" nome="2010 LJ109" anoDescobrimento="2010" categoria="centauro"
      raioMedUA="13.495" excentricidade="0.329" perielioUA="9.054" afelioUA="17.937"
      inclinacao="24.4" diametrokm="42"/>
   <objeto id="tno2010.ln68" nome="2010 LN68" anoDescobrimento="2010" categoria="centauro"
      raioMedUA="12.586" excentricidade="0.022" perielioUA="12.312" afelioUA="12.860"
      inclinacao="15.1" diametrokm="64"/>
   <objeto id="tno2010.lo33" nome="2010 LO33" anoDescobrimento="2010" categoria="centauro"
      raioMedUA="23.392" excentricidade="0.347" perielioUA="15.282" afelioUA="31.501"
      inclinacao="18.0" diametrokm="106"/>
   <objeto id="tno2010.nv1" nome="2010 NV1" anoDescobrimento="2010" categoria="centauro"
      raioMedUA="328.926" excentricidade="0.971" perielioUA="9.421" afelioUA="648.432"
      inclinacao="140.8" diametrokm="38"/>
</centauros>
