<?xml version="1.0" encoding="utf-8"?>
<damocloides>
    <objeto id="tno1991.da" nome="Damocles" numero="5335" anoDescobrimento="1991"
        categoria="damocloides" raioMedUA="11.842" excentricidade="0.866" perielioUA="1.589"
        afelioUA="22.095" inclinacao="61.7" diametrokm="10"/>
    <objeto id="tno1999.rg33" nome="15504" numero="15504" anoDescobrimento="1999"
        categoria="damocloides" raioMedUA="9.383" excentricidade="0.773" perielioUA="2.126"
        afelioUA="16.640" inclinacao="34.9" diametrokm="17"/>
    <objeto id="tno1999.ld31" nome="Dioretsa" numero="20461" anoDescobrimento="1999"
        categoria="damocloides" raioMedUA="23.892" excentricidade="0.901" perielioUA="2.370"
        afelioUA="45.415" inclinacao="160.4" diametrokm="8"/>
    <objeto id="tno2002.rp120" nome="65407" numero="65407" anoDescobrimento="2002"
        categoria="damocloides" raioMedUA="53.926" excentricidade="0.954" perielioUA="2.472"
        afelioUA="105.380" inclinacao="119.3" diametrokm="15"/>
    <objeto id="tno2004.yh32" nome="144908" numero="144908" anoDescobrimento="2004"
        categoria="damocloides" raioMedUA="8.140" excentricidade="0.567" perielioUA="3.524"
        afelioUA="12.756" inclinacao="79.2" diametrokm="12"/>
    <objeto id="tno2004.pa44" nome="154783" numero="154783" anoDescobrimento="2004"
        categoria="damocloides" raioMedUA="14.294" excentricidade="0.759" perielioUA="3.449"
        afelioUA="25.139" inclinacao="3.3" diametrokm="8"/>
    <objeto id="tno1996.pw" nome="1996 PW" anoDescobrimento="1996" categoria="damocloides"
        raioMedUA="273.790" excentricidade="0.991" perielioUA="2.520" afelioUA="545.060"
        inclinacao="29.9" diametrokm="7"/>
    <objeto id="tno1997.md10" nome="1997 MD10" anoDescobrimento="1997" categoria="damocloides"
        raioMedUA="26.535" excentricidade="0.943" perielioUA="1.520" afelioUA="51.550"
        inclinacao="59.2" diametrokm="3"/>
    <objeto id="tno1998.qj1" nome="1998 QJ1" anoDescobrimento="1998" categoria="damocloides"
        raioMedUA="11.256" excentricidade="0.814" perielioUA="2.092" afelioUA="20.420"
        inclinacao="23.6" diametrokm="2"/>
    <objeto id="tno1998.wu24" nome="1998 WU24" anoDescobrimento="1998" categoria="damocloides"
        raioMedUA="15.124" excentricidade="0.907" perielioUA="1.405" afelioUA="28.844"
        inclinacao="42.5" diametrokm="4"/>
    <objeto id="tno1999.le31" nome="1999 LE31" anoDescobrimento="1999" categoria="damocloides"
        raioMedUA="8.126" excentricidade="0.467" perielioUA="4.332" afelioUA="11.919"
        inclinacao="151.8" diametrokm="15"/>
    <objeto id="tno2000.ab229" nome="2000 AB229" anoDescobrimento="2000" categoria="damocloides"
        raioMedUA="52.274" excentricidade="0.956" perielioUA="2.293" afelioUA="102.255"
        inclinacao="68.5" diametrokm="7"/>
    <objeto id="tno2000.dg8" nome="2000 DG8" anoDescobrimento="2000" categoria="damocloides"
        raioMedUA="10.760" excentricidade="0.792" perielioUA="2.234" afelioUA="19.287"
        inclinacao="129.3" diametrokm="11"/>
    <objeto id="tno2000.he46" nome="2000 HE46" anoDescobrimento="2000" categoria="damocloides"
        raioMedUA="23.696" excentricidade="0.901" perielioUA="2.357" afelioUA="45.035"
        inclinacao="158.5" diametrokm="5"/>
    <objeto id="tno2000.kp65" nome="2000 KP65" anoDescobrimento="2000" categoria="damocloides"
        raioMedUA="89.344" excentricidade="0.963" perielioUA="3.310" afelioUA="175.378"
        inclinacao="45.6" diametrokm="35"/>
    <objeto id="tno2002.rn109" nome="2002 RN109" anoDescobrimento="2002" categoria="damocloides"
        raioMedUA="625.621" excentricidade="0.996" perielioUA="2.686" afelioUA="1248.557"
        inclinacao="58.2" diametrokm="4"/>
    <objeto id="tno2003.uy283" nome="2003 UY283" anoDescobrimento="2003" categoria="damocloides"
        raioMedUA="33.454" excentricidade="0.895" perielioUA="3.506" afelioUA="63.401"
        inclinacao="18.9" diametrokm="4"/>
    <objeto id="tno2003.wn188" nome="2003 WN188" anoDescobrimento="2003" categoria="damocloides"
        raioMedUA="14.380" excentricidade="0.847" perielioUA="2.203" afelioUA="26.556"
        inclinacao="26.9" diametrokm="7"/>
    <objeto id="tno2004.cm111" nome="2004 CM111" anoDescobrimento="2004" categoria="damocloides"
        raioMedUA="33.180" excentricidade="0.851" perielioUA="4.942" afelioUA="61.417"
        inclinacao="4.7" diametrokm="6"/>
    <objeto id="tno2004.da62" nome="2004 DA62" anoDescobrimento="2004" categoria="damocloides"
        raioMedUA="7.692" excentricidade="0.464" perielioUA="4.120" afelioUA="11.264"
        inclinacao="52.2" diametrokm="11"/>
    <objeto id="tno2004.nn8" nome="2004 NN8" anoDescobrimento="2004" categoria="damocloides"
        raioMedUA="101.775" excentricidade="0.977" perielioUA="2.335" afelioUA="201.215"
        inclinacao="165.5" diametrokm="4"/>
    <objeto id="tno2005.hl3" nome="2005 HL3" anoDescobrimento="2005" categoria="damocloides"
        raioMedUA="11.302" excentricidade="0.832" perielioUA="1.903" afelioUA="20.701"
        inclinacao="35.6" diametrokm="6"/>
    <objeto id="tno2005.np82" nome="2005 NP82" anoDescobrimento="2005" categoria="damocloides"
        raioMedUA="5.878" excentricidade="0.480" perielioUA="3.058" afelioUA="8.699"
        inclinacao="130.6" diametrokm="7"/>
    <objeto id="tno2005.oe" nome="2005 OE" anoDescobrimento="2005" categoria="damocloides"
        raioMedUA="63.970" excentricidade="0.952" perielioUA="3.064" afelioUA="124.876"
        inclinacao="67.5" diametrokm="8"/>
    <objeto id="tno2005.sb223" nome="2005 SB223" anoDescobrimento="2005" categoria="damocloides"
        raioMedUA="29.480" excentricidade="0.906" perielioUA="2.770" afelioUA="56.189"
        inclinacao="91.5" diametrokm="6"/>
    <objeto id="tno2005.tj50" nome="2005 TJ50" anoDescobrimento="2005" categoria="damocloides"
        raioMedUA="9.198" excentricidade="0.588" perielioUA="3.788" afelioUA="14.609"
        inclinacao="110.4" diametrokm="4"/>
    <objeto id="tno2005.vx3" nome="2005 VX3" anoDescobrimento="2005" categoria="damocloides"
        raioMedUA="834.739" excentricidade="0.995" perielioUA="4.114" afelioUA="1665.364"
        inclinacao="112.5" diametrokm="7"/>
    <objeto id="tno2006.bz8" nome="2006 BZ8" anoDescobrimento="2006" categoria="damocloides"
        raioMedUA="9.599" excentricidade="0.802" perielioUA="1.900" afelioUA="17.299"
        inclinacao="165.3" diametrokm="6"/>
    <objeto id="tno2006.ex52" nome="2006 EX52" anoDescobrimento="2006" categoria="damocloides"
        raioMedUA="42.276" excentricidade="0.939" perielioUA="2.578" afelioUA="81.973"
        inclinacao="150.3" diametrokm="5"/>
    <objeto id="tno2006.jg57" nome="2006 JG57" anoDescobrimento="2006" categoria="damocloides"
        raioMedUA="9.657" excentricidade="0.508" perielioUA="4.752" afelioUA="14.562"
        inclinacao="56.9" diametrokm="15"/>
    <objeto id="tno2006.lm1" nome="2006 LM1" anoDescobrimento="2006" categoria="damocloides"
        raioMedUA="37.184" excentricidade="0.900" perielioUA="3.711" afelioUA="70.656"
        inclinacao="172.1" diametrokm="5"/>
    <objeto id="tno2006.rg1" nome="2006 RG1" anoDescobrimento="2006" categoria="damocloides"
        raioMedUA="25.621" excentricidade="0.921" perielioUA="2.024" afelioUA="49.217"
        inclinacao="133.3" diametrokm="3"/>
    <objeto id="tno2006.rj2" nome="2006 RJ2" anoDescobrimento="2006" categoria="damocloides"
        raioMedUA="9.731" excentricidade="0.762" perielioUA="2.318" afelioUA="17.143"
        inclinacao="164.7" diametrokm="3"/>
    <objeto id="tno2006.so134" nome="2006 SO134" anoDescobrimento="2006" categoria="damocloides"
        raioMedUA="19.642" excentricidade="0.832" perielioUA="3.310" afelioUA="35.975"
        inclinacao="4.2" diametrokm="2"/>
    <objeto id="tno2007.da61" nome="2007 DA61" anoDescobrimento="2007" categoria="damocloides"
        raioMedUA="518.395" excentricidade="0.995" perielioUA="2.656" afelioUA="1034.135"
        inclinacao="76.7" diametrokm="4"/>
    <objeto id="tno2007.vw266" nome="2007 VW266" anoDescobrimento="2007" categoria="damocloides"
        raioMedUA="5.452" excentricidade="0.390" perielioUA="3.328" afelioUA="7.576"
        inclinacao="108.3" diametrokm="4"/>
    <objeto id="tno2008.bn18" nome="2008 BN18" anoDescobrimento="2008" categoria="damocloides"
        raioMedUA="35.264" excentricidade="0.926" perielioUA="2.616" afelioUA="67.912"
        inclinacao="28.8" diametrokm="8"/>
    <objeto id="tno2008.js14" nome="2008 JS14" anoDescobrimento="2008" categoria="damocloides"
        raioMedUA="11.668" excentricidade="0.743" perielioUA="3.000" afelioUA="20.336"
        inclinacao="26.1" diametrokm="10"/>
    <objeto id="tno2008.so218" nome="2008 SO218" anoDescobrimento="2008" categoria="damocloides"
        raioMedUA="8.123" excentricidade="0.564" perielioUA="3.545" afelioUA="12.702"
        inclinacao="170.4" diametrokm="12"/>
    <objeto id="tno2008.wa95" nome="2008 WA95" anoDescobrimento="2008" categoria="damocloides"
        raioMedUA="14.041" excentricidade="0.878" perielioUA="1.711" afelioUA="26.371"
        inclinacao="60.3" diametrokm="2"/>
    <objeto id="tno2009.au16" nome="2009 AU16" anoDescobrimento="2009" categoria="damocloides"
        raioMedUA="23.547" excentricidade="0.918" perielioUA="1.936" afelioUA="45.157"
        inclinacao="70.0" diametrokm="3"/>
    <objeto id="tno2009.dd47" nome="2009 DD47" anoDescobrimento="2009" categoria="damocloides"
        raioMedUA="47.587" excentricidade="0.953" perielioUA="2.220" afelioUA="92.954"
        inclinacao="107.4" diametrokm="3"/>
    <objeto id="tno2009.fw23" nome="2009 FW23" anoDescobrimento="2009" categoria="damocloides"
        raioMedUA="11.529" excentricidade="0.857" perielioUA="1.652" afelioUA="21.406"
        inclinacao="86.6" diametrokm="4"/>
    <objeto id="tno2009.qy6" nome="2009 QY6" anoDescobrimento="2009" categoria="damocloides"
        raioMedUA="12.482" excentricidade="0.834" perielioUA="2.069" afelioUA="22.895"
        inclinacao="137.8" diametrokm="5"/>
    <objeto id="tno2009.ys6" nome="2009 YS6" anoDescobrimento="2009" categoria="damocloides"
        raioMedUA="20.307" excentricidade="0.920" perielioUA="1.618" afelioUA="38.995"
        inclinacao="147.8" diametrokm="6"/>
    <objeto id="tno2010.cg55" nome="2010 CG55" anoDescobrimento="2010" categoria="damocloides"
        raioMedUA="31.456" excentricidade="0.908" perielioUA="2.886" afelioUA="60.026"
        inclinacao="146.4" diametrokm="6"/>
    <objeto id="tno2010.cr140" nome="2010 CR140" anoDescobrimento="2010" categoria="damocloides"
        raioMedUA="5.623" excentricidade="0.409" perielioUA="3.325" afelioUA="7.921"
        inclinacao="74.7" diametrokm="3"/>
    <objeto id="tno2010.dg56" nome="2010 DG56" anoDescobrimento="2010" categoria="damocloides"
        raioMedUA="34.001" excentricidade="0.954" perielioUA="1.570" afelioUA="66.432"
        inclinacao="160.4" diametrokm="1"/>
    <objeto id="tno2010.eb46" nome="2010 EB46" anoDescobrimento="2010" categoria="damocloides"
        raioMedUA="31.796" excentricidade="0.953" perielioUA="1.504" afelioUA="62.088"
        inclinacao="156.6" diametrokm="1"/>
    <objeto id="tno2010.ej104" nome="2010 EJ104" anoDescobrimento="2010" categoria="damocloides"
        raioMedUA="21.586" excentricidade="0.901" perielioUA="2.134" afelioUA="41.038"
        inclinacao="41.6" diametrokm="2"/>
    <objeto id="tno2010.gw64" nome="2010 GW64" anoDescobrimento="2010" categoria="damocloides"
        raioMedUA="60.953" excentricidade="0.939" perielioUA="3.707" afelioUA="118.199"
        inclinacao="105.3" diametrokm="5"/>
    <objeto id="tno2010.jc147" nome="2010 JC147" anoDescobrimento="2010" categoria="damocloides"
        raioMedUA="14.364" excentricidade="0.760" perielioUA="3.447" afelioUA="25.281"
        inclinacao="41.8" diametrokm="6"/>
    <objeto id="tno2010.jh124" nome="2010 JH124" anoDescobrimento="2010" categoria="damocloides"
        raioMedUA="86.055" excentricidade="0.970" perielioUA="2.613" afelioUA="169.497"
        inclinacao="53.4" diametrokm="5"/>
    <objeto id="tno2010.kw7" nome="2010 KW7" anoDescobrimento="2010" categoria="damocloides"
        raioMedUA="25.788" excentricidade="0.904" perielioUA="2.469" afelioUA="49.108"
        inclinacao="147.2" diametrokm="3"/>
    <objeto id="tno2010.lg61" nome="2010 LG61" anoDescobrimento="2010" categoria="damocloides"
        raioMedUA="7.109" excentricidade="0.808" perielioUA="1.367" afelioUA="12.851"
        inclinacao="123.7" diametrokm="1"/>
    <objeto id="tno2010.om101" nome="2010 OM101" anoDescobrimento="2010" categoria="damocloides"
        raioMedUA="98.989" excentricidade="0.978" perielioUA="2.134" afelioUA="195.844"
        inclinacao="118.9" diametrokm="2"/>
    <objeto id="tno2010.or1" nome="2010 OR1" anoDescobrimento="2010" categoria="damocloides"
        raioMedUA="28.860" excentricidade="0.929" perielioUA="2.053" afelioUA="55.668"
        inclinacao="143.9" diametrokm="3"/>
</damocloides>
