<?xml version="1.0" encoding="utf-8"?>
<centauros>
    <objeto id="tno2000.vu2" nome="Narcissus" numero="37117" anoDescobrimento="2000"
        categoria="incomum" raioMedUA="6.886" excentricidade="0.553" perielioUA="3.078"
        afelioUA="10.694" inclinacao="13.8" diametrokm="10"/>
    <objeto id="tno2006.ry102" nome="145627" numero="145627" anoDescobrimento="2006"
        categoria="incomum" raioMedUA="6.317" excentricidade="0.277" perielioUA="4.567"
        afelioUA="8.067" inclinacao="18.7" diametrokm="27"/>
    <objeto id="tno1998.ho121" nome="1998 HO121" anoDescobrimento="1998" categoria="incomum"
        raioMedUA="7.142" excentricidade="0.585" perielioUA="2.967" afelioUA="11.317"
        inclinacao="12.0" diametrokm="15"/>
    <objeto id="tno2000.ej37" nome="2000 EJ37" anoDescobrimento="2000" categoria="incomum"
        raioMedUA="4.683" excentricidade="0.703" perielioUA="1.390" afelioUA="7.976"
        inclinacao="10.3" diametrokm="9"/>
    <objeto id="tno2000.oz21" nome="2000 OZ21" anoDescobrimento="2000" categoria="incomum"
        raioMedUA="4.867" excentricidade="0.572" perielioUA="2.082" afelioUA="7.652"
        inclinacao="5.5" diametrokm="2"/>
    <objeto id="tno2001.qf6" nome="2001 QF6" anoDescobrimento="2001" categoria="incomum"
        raioMedUA="7.217" excentricidade="0.689" perielioUA="2.245" afelioUA="12.189"
        inclinacao="24.2" diametrokm="4"/>
    <objeto id="tno2001.qq199" nome="2001 QQ199" anoDescobrimento="2001" categoria="incomum"
        raioMedUA="5.328" excentricidade="0.431" perielioUA="3.033" afelioUA="7.623"
        inclinacao="42.5" diametrokm="15"/>
    <objeto id="tno2001.yk61" nome="2001 YK61" anoDescobrimento="2001" categoria="incomum"
        raioMedUA="10.565" excentricidade="0.692" perielioUA="3.255" afelioUA="17.875"
        inclinacao="12.4" diametrokm="8"/>
    <objeto id="tno2003.cc22" nome="2003 CC22" anoDescobrimento="2003" categoria="incomum"
        raioMedUA="7.296" excentricidade="0.425" perielioUA="4.198" afelioUA="10.394"
        inclinacao="6.4" diametrokm="13"/>
    <objeto id="tno2003.wg166" nome="2003 WG166" anoDescobrimento="2003" categoria="incomum"
        raioMedUA="5.160" excentricidade="0.644" perielioUA="1.838" afelioUA="8.482"
        inclinacao="55.4" diametrokm="1"/>
    <objeto id="tno2004.ae9" nome="2004 AE9" anoDescobrimento="2004" categoria="incomum"
        raioMedUA="5.109" excentricidade="0.644" perielioUA="1.817" afelioUA="8.401"
        inclinacao="1.6" diametrokm="1"/>
    <objeto id="tno2004.rw141" nome="2004 RW141" anoDescobrimento="2004" categoria="incomum"
        raioMedUA="6.934" excentricidade="0.493" perielioUA="3.516" afelioUA="10.352"
        inclinacao="7.7" diametrokm="6"/>
    <objeto id="tno2005.cr16" nome="2005 CR16" anoDescobrimento="2005" categoria="incomum"
        raioMedUA="6.611" excentricidade="0.509" perielioUA="3.243" afelioUA="9.978"
        inclinacao="9.4" diametrokm="7"/>
    <objeto id="tno2005.wy3" nome="2005 WY3" anoDescobrimento="2005" categoria="incomum"
        raioMedUA="6.719" excentricidade="0.735" perielioUA="1.783" afelioUA="11.656"
        inclinacao="29.4" diametrokm="9"/>
    <objeto id="tno2006.bf208" nome="2006 BF208" anoDescobrimento="2006" categoria="incomum"
        raioMedUA="5.936" excentricidade="0.483" perielioUA="3.069" afelioUA="8.802"
        inclinacao="35.6" diametrokm="6"/>
    <objeto id="tno2006.fv4" nome="2006 FV4" anoDescobrimento="2006" categoria="incomum"
        raioMedUA="10.845" excentricidade="0.700" perielioUA="3.256" afelioUA="18.435"
        inclinacao="32.0" diametrokm="12"/>
    <objeto id="tno2006.ql39" nome="2006 QL39" anoDescobrimento="2006" categoria="incomum"
        raioMedUA="5.119" excentricidade="0.601" perielioUA="2.044" afelioUA="8.195"
        inclinacao="13.4" diametrokm="8"/>
    <objeto id="tno2006.rb117" nome="2006 RB117" anoDescobrimento="2006" categoria="incomum"
        raioMedUA="5.090" excentricidade="0.711" perielioUA="1.472" afelioUA="8.707"
        inclinacao="1.4" diametrokm="2"/>
    <objeto id="tno2006.sv301" nome="2006 SV301" anoDescobrimento="2006" categoria="incomum"
        raioMedUA="5.103" excentricidade="0.495" perielioUA="2.576" afelioUA="7.631"
        inclinacao="5.3" diametrokm="6"/>
    <objeto id="tno2007.dp50" nome="2007 DP50" anoDescobrimento="2007" categoria="incomum"
        raioMedUA="6.225" excentricidade="0.381" perielioUA="3.856" afelioUA="8.595"
        inclinacao="3.1" diametrokm="5"/>
    <objeto id="tno2007.gh6" nome="2007 GH6" anoDescobrimento="2007" categoria="incomum"
        raioMedUA="5.300" excentricidade="0.462" perielioUA="2.851" afelioUA="7.750"
        inclinacao="25.5" diametrokm="6"/>
    <objeto id="tno2007.hu45" nome="2007 HU45" anoDescobrimento="2007" categoria="incomum"
        raioMedUA="6.865" excentricidade="0.502" perielioUA="3.417" afelioUA="10.313"
        inclinacao="6.0" diametrokm="3"/>
    <objeto id="tno2007.sa24" nome="2007 SA24" anoDescobrimento="2007" categoria="incomum"
        raioMedUA="6.262" excentricidade="0.569" perielioUA="2.701" afelioUA="9.824"
        inclinacao="17.1" diametrokm="4"/>
    <objeto id="tno2008.se82" nome="2008 SE82" anoDescobrimento="2008" categoria="incomum"
        raioMedUA="19.588" excentricidade="0.836" perielioUA="3.207" afelioUA="35.968"
        inclinacao="17.4" diametrokm="5"/>
    <objeto id="tno2009.bl80" nome="2009 BL80" anoDescobrimento="2009" categoria="incomum"
        raioMedUA="6.135" excentricidade="0.641" perielioUA="2.201" afelioUA="10.070"
        inclinacao="9.0" diametrokm="2"/>
    <objeto id="tno2009.bm124" nome="2009 BM124" anoDescobrimento="2009" categoria="incomum"
        raioMedUA="5.072" excentricidade="0.495" perielioUA="2.562" afelioUA="7.581"
        inclinacao="13.2" diametrokm="2"/>
    <objeto id="tno2009.dl26" nome="2009 DL26" anoDescobrimento="2009" categoria="incomum"
        raioMedUA="8.549" excentricidade="0.558" perielioUA="3.777" afelioUA="13.321"
        inclinacao="2.6" diametrokm="27"/>
    <objeto id="tno2009.dp2" nome="2009 DP2" anoDescobrimento="2009" categoria="incomum"
        raioMedUA="6.686" excentricidade="0.424" perielioUA="3.854" afelioUA="9.517"
        inclinacao="27.0" diametrokm="7"/>
    <objeto id="tno2009.wm48" nome="2009 WM48" anoDescobrimento="2009" categoria="incomum"
        raioMedUA="5.842" excentricidade="0.305" perielioUA="4.057" afelioUA="7.626"
        inclinacao="3.4" diametrokm="4"/>
    <objeto id="tno2010.ee21" nome="2010 EE21" anoDescobrimento="2010" categoria="incomum"
        raioMedUA="8.433" excentricidade="0.622" perielioUA="3.187" afelioUA="13.679"
        inclinacao="36.1" diametrokm="3"/>
    <objeto id="tno2010.ha25" nome="2010 HA25" anoDescobrimento="2010" categoria="incomum"
        raioMedUA="6.626" excentricidade="0.488" perielioUA="3.394" afelioUA="9.858"
        inclinacao="32.8" diametrokm="5"/>
    <objeto id="tno2010.oa101" nome="2010 OA101" anoDescobrimento="2010" categoria="incomum"
        raioMedUA="4.461" excentricidade="0.690" perielioUA="1.385" afelioUA="7.536"
        inclinacao="84.4" diametrokm="1"/>
</centauros>
