<?xml version="1.0" encoding="utf-8"?>
<asteroides>
   <objeto id="a433" nome="Eros" numero="433" designacao="1898 DQ" anoDescobrimento="1898" categoria="terra-amor" excentricidade="0.2228" perielioUA="1.133" afelioUA="1.78" inclinacao="10.83" diametrokm="16.84" longitudeNoAscendente="304.37" argumentoPerielio="178.76" anomaliaMedia="55.63" massaGM="4.463e-04" periodoOrbitalD="643"/>
   <objeto id="a887" nome="Alinda" numero="887" designacao="1918 DB" anoDescobrimento="1918" categoria="terra-amor" excentricidade="0.5669" perielioUA="1.073" afelioUA="3.88" inclinacao="9.35" diametrokm="4.2" longitudeNoAscendente="110.56" argumentoPerielio="350.31" anomaliaMedia="105.06" periodoOrbitalD="14"/>
   <objeto id="a1036" nome="Ganymed" numero="1036" designacao="1924 TD" anoDescobrimento="1924" categoria="terra-amor" excentricidade="0.5341" perielioUA="1.241" afelioUA="4.09" inclinacao="26.69" diametrokm="31.66" longitudeNoAscendente="215.55" argumentoPerielio="132.55" anomaliaMedia="268.03" periodoOrbitalD="16"/>
   <objeto id="a1221" nome="Amor" numero="1221" designacao="1932 EA1" anoDescobrimento="1932" categoria="terra-amor" excentricidade="0.4345" perielioUA="1.086" afelioUA="2.76" inclinacao="11.88" diametrokm="1.0" longitudeNoAscendente="171.39" argumentoPerielio="26.54" anomaliaMedia="144.28" periodoOrbitalD="972"/>
   <objeto id="a1566" nome="Icarus" numero="1566" designacao="1949 MA" anoDescobrimento="1949" categoria="terra-apollo" excentricidade="0.8268" perielioUA="0.187" afelioUA="1.97" inclinacao="22.83" diametrokm="1.0" longitudeNoAscendente="88.04" argumentoPerielio="31.35" anomaliaMedia="261.99" periodoOrbitalD="409"/>
   <objeto id="a1580" nome="Betulia" numero="1580" designacao="1950 KA" anoDescobrimento="1950" categoria="terra-amor" excentricidade="0.4877" perielioUA="1.125" afelioUA="3.27" inclinacao="52.10" diametrokm="5.8" longitudeNoAscendente="62.31" argumentoPerielio="159.52" anomaliaMedia="185.23" periodoOrbitalD="12"/>
   <objeto id="a1620" nome="Geographos" numero="1620" designacao="1951 RA" anoDescobrimento="1951" categoria="terra-apollo" excentricidade="0.3355" perielioUA="0.828" afelioUA="1.66" inclinacao="13.34" diametrokm="2.56" longitudeNoAscendente="337.26" argumentoPerielio="276.80" anomaliaMedia="202.37" periodoOrbitalD="508"/>
   <objeto id="a1627" nome="Ivar" numero="1627" designacao="1929 SH" anoDescobrimento="1929" categoria="terra-amor" excentricidade="0.3968" perielioUA="1.124" afelioUA="2.60" inclinacao="8.45" diametrokm="9.12" longitudeNoAscendente="133.19" argumentoPerielio="167.65" anomaliaMedia="301.41" periodoOrbitalD="929"/>
   <objeto id="a1685" nome="Toro" numero="1685" designacao="1948 OA" anoDescobrimento="1948" categoria="terra-apollo" excentricidade="0.4359" perielioUA="0.771" afelioUA="1.96" inclinacao="9.38" diametrokm="3.4" longitudeNoAscendente="274.33" argumentoPerielio="127.07" anomaliaMedia="231.16" periodoOrbitalD="584"/>
   <objeto id="a1862" nome="Apollo" numero="1862" designacao="1932 HA" anoDescobrimento="1932" categoria="terra-apollo" excentricidade="0.5599" perielioUA="0.647" afelioUA="2.29" inclinacao="6.35" diametrokm="1.5" longitudeNoAscendente="35.73" argumentoPerielio="285.86" anomaliaMedia="258.09" periodoOrbitalD="651"/>
   <objeto id="a1863" nome="Antinous" numero="1863" designacao="1948 EA" anoDescobrimento="1948" categoria="terra-apollo" excentricidade="0.6067" perielioUA="0.888" afelioUA="3.63" inclinacao="18.40" diametrokm="2.1" longitudeNoAscendente="346.55" argumentoPerielio="268.02" anomaliaMedia="104.52" periodoOrbitalD="12"/>
   <objeto id="a1864" nome="Daedalus" numero="1864" designacao="1971 FA" anoDescobrimento="1971" categoria="terra-apollo" excentricidade="0.6147" perielioUA="0.563" afelioUA="2.36" inclinacao="22.20" diametrokm="3.7" longitudeNoAscendente="6.69" argumentoPerielio="325.57" anomaliaMedia="11.83" periodoOrbitalD="645"/>
   <objeto id="a1865" nome="Cerberus" numero="1865" designacao="1971 UA" anoDescobrimento="1971" categoria="terra-apollo" excentricidade="0.4670" perielioUA="0.576" afelioUA="1.58" inclinacao="16.09" diametrokm="1.2" longitudeNoAscendente="212.96" argumentoPerielio="325.20" anomaliaMedia="82.04" periodoOrbitalD="410"/>
   <objeto id="a1866" nome="Sisyphus" numero="1866" designacao="1972 XA" anoDescobrimento="1972" categoria="terra-apollo" excentricidade="0.5386" perielioUA="0.874" afelioUA="2.91" inclinacao="41.18" diametrokm="8.48" longitudeNoAscendente="63.57" argumentoPerielio="293.05" anomaliaMedia="182.50" periodoOrbitalD="952"/>
   <objeto id="a1915" nome="Quetzalcoatl" numero="1915" designacao="1953 EA" anoDescobrimento="1953" categoria="terra-amor" excentricidade="0.5714" perielioUA="1.089" afelioUA="3.99" inclinacao="20.42" diametrokm="0.5" longitudeNoAscendente="162.99" argumentoPerielio="347.87" anomaliaMedia="100.91" periodoOrbitalD="15"/>
   <objeto id="a1916" nome="Boreas" numero="1916" designacao="1953 RA" anoDescobrimento="1953" categoria="terra-amor" excentricidade="0.4490" perielioUA="1.253" afelioUA="3.29" inclinacao="12.88" diametrokm="3.5" longitudeNoAscendente="340.74" argumentoPerielio="335.85" anomaliaMedia="223.98" periodoOrbitalD="13"/>
   <objeto id="a1917" nome="Cuyo" numero="1917" designacao="1968 AA" anoDescobrimento="1968" categoria="terra-amor" excentricidade="0.5044" perielioUA="1.066" afelioUA="3.23" inclinacao="23.94" diametrokm="5.7" longitudeNoAscendente="188.35" argumentoPerielio="194.38" anomaliaMedia="209.23" periodoOrbitalD="12"/>
   <objeto id="a1943" nome="Anteros" numero="1943" designacao="1973 EC" anoDescobrimento="1973" categoria="terra-amor" excentricidade="0.2559" perielioUA="1.064" afelioUA="1.80" inclinacao="8.70" diametrokm="2.3" longitudeNoAscendente="246.38" argumentoPerielio="338.25" anomaliaMedia="274.19" periodoOrbitalD="625"/>
   <objeto id="a1980" nome="Tezcatlipoca" numero="1980" designacao="1950 LA" anoDescobrimento="1950" categoria="terra-amor" excentricidade="0.3650" perielioUA="1.086" afelioUA="2.33" inclinacao="26.86" diametrokm="4.3" longitudeNoAscendente="246.64" argumentoPerielio="115.40" anomaliaMedia="262.20" periodoOrbitalD="816"/>
   <objeto id="a1981" nome="Midas" numero="1981" designacao="1973 EA" anoDescobrimento="1973" categoria="terra-apollo" excentricidade="0.6499" perielioUA="0.622" afelioUA="2.93" inclinacao="39.84" diametrokm="3.4" longitudeNoAscendente="357.00" argumentoPerielio="267.77" anomaliaMedia="253.73" periodoOrbitalD="865"/>
   <objeto id="a2061" nome="Anza" numero="2061" designacao="1960 UA" anoDescobrimento="1960" categoria="terra-amor" excentricidade="0.5374" perielioUA="1.048" afelioUA="3.48" inclinacao="3.77" diametrokm="2.6" longitudeNoAscendente="207.62" argumentoPerielio="156.49" anomaliaMedia="220.40" periodoOrbitalD="13"/>
   <objeto id="a2062" nome="Aten" numero="2062" designacao="1976 AA" anoDescobrimento="1976" categoria="terra-aten" excentricidade="0.1826" perielioUA="0.790" afelioUA="1.14" inclinacao="18.93" diametrokm="1.1" longitudeNoAscendente="108.62" argumentoPerielio="147.96" anomaliaMedia="346.88" periodoOrbitalD="347"/>
   <objeto id="a2100" nome="Ra-Shalom" numero="2100" designacao="1978 RA" anoDescobrimento="1978" categoria="terra-aten" excentricidade="0.4365" perielioUA="0.469" afelioUA="1.20" inclinacao="15.76" diametrokm="2.3" longitudeNoAscendente="170.86" argumentoPerielio="356.02" anomaliaMedia="176.73" periodoOrbitalD="277"/>
   <objeto id="a2101" nome="Adonis" numero="2101" designacao="1936 CA" anoDescobrimento="1936" categoria="terra-apollo" excentricidade="0.7640" perielioUA="0.442" afelioUA="3.31" inclinacao="1.33" diametrokm="0.6" longitudeNoAscendente="349.97" argumentoPerielio="43.10" anomaliaMedia="33.67" periodoOrbitalD="937"/>
   <objeto id="a2201" nome="Oljato" numero="2201" designacao="1947 XC" anoDescobrimento="1947" categoria="terra-apollo" excentricidade="0.7136" perielioUA="0.623" afelioUA="3.73" inclinacao="2.51" diametrokm="1.80" longitudeNoAscendente="75.76" argumentoPerielio="97.27" anomaliaMedia="176.86" periodoOrbitalD="12"/>
   <objeto id="a2212" nome="Hephaistos" numero="2212" designacao="1978 SB" anoDescobrimento="1978" categoria="terra-apollo" excentricidade="0.8338" perielioUA="0.360" afelioUA="3.97" inclinacao="11.74" diametrokm="5.7" longitudeNoAscendente="28.27" argumentoPerielio="208.56" anomaliaMedia="12.63" periodoOrbitalD="12"/>
   <objeto id="a2340" nome="Hathor" numero="2340" designacao="1976 UA" anoDescobrimento="1976" categoria="terra-aten" excentricidade="0.4497" perielioUA="0.465" afelioUA="1.22" inclinacao="5.85" diametrokm="0.3" longitudeNoAscendente="211.49" argumentoPerielio="39.99" anomaliaMedia="282.85" periodoOrbitalD="283"/>
   <objeto id="a2368" nome="Beltrovata" numero="2368" designacao="1977 RA" anoDescobrimento="1977" categoria="terra-amor" excentricidade="0.4139" perielioUA="1.234" afelioUA="2.98" inclinacao="5.24" diametrokm="2.3" longitudeNoAscendente="287.57" argumentoPerielio="42.68" anomaliaMedia="280.83" periodoOrbitalD="11"/>
   <objeto id="a2608" nome="Seneca" numero="2608" designacao="1978 DA" anoDescobrimento="1978" categoria="terra-amor" excentricidade="0.5762" perielioUA="1.062" afelioUA="3.95" inclinacao="14.99" diametrokm="0.9" longitudeNoAscendente="168.46" argumentoPerielio="35.72" anomaliaMedia="72.39" periodoOrbitalD="15"/>
   <objeto id="a3102" nome="Krok" numero="3102" designacao="1981 QA" anoDescobrimento="1981" categoria="terra-amor" excentricidade="0.4484" perielioUA="1.186" afelioUA="3.12" inclinacao="8.42" diametrokm="1.6" longitudeNoAscendente="172.25" argumentoPerielio="154.45" anomaliaMedia="57.67" periodoOrbitalD="12"/>
   <objeto id="a3103" nome="Eger" numero="3103" designacao="1982 BB" anoDescobrimento="1982" categoria="terra-apollo" excentricidade="0.3544" perielioUA="0.907" afelioUA="1.90" inclinacao="20.93" diametrokm="1.5" longitudeNoAscendente="129.82" argumentoPerielio="253.95" anomaliaMedia="104.47" periodoOrbitalD="608"/>
   <objeto id="a3122" nome="Florence" numero="3122" designacao="1981 ET3" anoDescobrimento="1981" categoria="terra-amor" excentricidade="0.4230" perielioUA="1.020" afelioUA="2.52" inclinacao="22.16" diametrokm="4.9" longitudeNoAscendente="336.15" argumentoPerielio="27.69" anomaliaMedia="341.91" periodoOrbitalD="859"/>
   <objeto id="a3199" nome="Nefertiti" numero="3199" designacao="1982 RA" anoDescobrimento="1982" categoria="terra-amor" excentricidade="0.2839" perielioUA="1.127" afelioUA="2.02" inclinacao="32.97" diametrokm="2.2" longitudeNoAscendente="340.04" argumentoPerielio="53.33" anomaliaMedia="4.85" periodoOrbitalD="722"/>
   <objeto id="a3200" nome="Phaethon" numero="3200" designacao="1983 TB" anoDescobrimento="1983" categoria="terra-apollo" excentricidade="0.8899" perielioUA="0.140" afelioUA="2.40" inclinacao="22.19" diametrokm="5.10" longitudeNoAscendente="265.39" argumentoPerielio="322.02" anomaliaMedia="273.53" periodoOrbitalD="523"/>
   <objeto id="a3288" nome="Seleucus" numero="3288" designacao="1982 DV" anoDescobrimento="1982" categoria="terra-amor" excentricidade="0.4576" perielioUA="1.102" afelioUA="2.96" inclinacao="5.93" diametrokm="2.8" longitudeNoAscendente="218.71" argumentoPerielio="349.24" anomaliaMedia="273.04" periodoOrbitalD="11"/>
   <objeto id="a3360" nome="Syrinx" numero="3360" designacao="1981 VA" anoDescobrimento="1981" categoria="terra-apollo" excentricidade="0.7436" perielioUA="0.633" afelioUA="4.30" inclinacao="21.41" diametrokm="1.8" longitudeNoAscendente="243.98" argumentoPerielio="62.13" anomaliaMedia="167.50" periodoOrbitalD="14"/>
   <objeto id="a3361" nome="Orpheus" numero="3361" designacao="1982 HR" anoDescobrimento="1982" categoria="terra-apollo" excentricidade="0.3229" perielioUA="0.819" afelioUA="1.60" inclinacao="2.68" diametrokm="0.3" longitudeNoAscendente="189.54" argumentoPerielio="301.69" anomaliaMedia="133.93" periodoOrbitalD="486"/>
   <objeto id="a3362" nome="Khufu" numero="3362" designacao="1984 QA" anoDescobrimento="1984" categoria="terra-aten" excentricidade="0.4686" perielioUA="0.526" afelioUA="1.45" inclinacao="9.92" diametrokm="0.7" longitudeNoAscendente="152.49" argumentoPerielio="55.00" anomaliaMedia="193.00" periodoOrbitalD="359"/>
   <objeto id="a3551" nome="Verenia" numero="3551" designacao="1983 RD" anoDescobrimento="1983" categoria="terra-amor" excentricidade="0.4871" perielioUA="1.073" afelioUA="3.11" inclinacao="9.51" diametrokm="0.9" longitudeNoAscendente="173.88" argumentoPerielio="193.20" anomaliaMedia="310.17" periodoOrbitalD="11"/>
   <objeto id="a3552" nome="Don Quixote" numero="3552" designacao="1983 SA" anoDescobrimento="1983" categoria="terra-amor" excentricidade="0.7138" perielioUA="1.209" afelioUA="7.24" inclinacao="30.97" diametrokm="19.0" longitudeNoAscendente="350.27" argumentoPerielio="317.10" anomaliaMedia="36.05" periodoOrbitalD="32"/>
   <objeto id="a3554" nome="Amun" numero="3554" designacao="1986 EB" anoDescobrimento="1986" categoria="terra-aten" excentricidade="0.2805" perielioUA="0.701" afelioUA="1.25" inclinacao="23.36" diametrokm="2.48" longitudeNoAscendente="358.66" argumentoPerielio="359.39" anomaliaMedia="293.05" periodoOrbitalD="351"/>
   <objeto id="a3671" nome="Dionysus" numero="3671" designacao="1984 KD" anoDescobrimento="1984" categoria="terra-apollo" excentricidade="0.5418" perielioUA="1.007" afelioUA="3.39" inclinacao="13.54" diametrokm="1.5" longitudeNoAscendente="82.18" argumentoPerielio="204.26" anomaliaMedia="359.24" periodoOrbitalD="12"/>
   <objeto id="a3691" nome="Bede" numero="3691" designacao="1982 FT" anoDescobrimento="1982" categoria="terra-amor" excentricidade="0.2840" perielioUA="1.270" afelioUA="2.28" inclinacao="20.37" diametrokm="4.3" longitudeNoAscendente="348.83" argumentoPerielio="234.74" anomaliaMedia="336.93" periodoOrbitalD="863"/>
   <objeto id="a3757" nome="3757" numero="3757" designacao="1982 XB" anoDescobrimento="1982" categoria="terra-amor" excentricidade="0.4453" perielioUA="1.018" afelioUA="2.65" inclinacao="3.87" diametrokm="0.5" longitudeNoAscendente="74.99" argumentoPerielio="17.14" anomaliaMedia="31.49" periodoOrbitalD="908"/>
   <objeto id="a3908" nome="Nyx" numero="3908" designacao="1980 PA" anoDescobrimento="1980" categoria="terra-amor" excentricidade="0.4588" perielioUA="1.043" afelioUA="2.81" inclinacao="2.18" diametrokm="1.0" longitudeNoAscendente="261.51" argumentoPerielio="126.24" anomaliaMedia="50.76" periodoOrbitalD="977"/>
   <objeto id="a3988" nome="3988" numero="3988" designacao="1986 LA" anoDescobrimento="1986" categoria="terra-amor" excentricidade="0.3168" perielioUA="1.056" afelioUA="2.03" inclinacao="10.77" diametrokm="0.7" longitudeNoAscendente="229.91" argumentoPerielio="86.76" anomaliaMedia="166.39" periodoOrbitalD="701"/>
   <objeto id="a4015" nome="Wilson-Harrington" numero="4015" designacao="1979 VA" anoDescobrimento="1979" categoria="terra-apollo" excentricidade="0.6243" perielioUA="0.991" afelioUA="4.29" inclinacao="2.79" diametrokm="4" longitudeNoAscendente="270.55" argumentoPerielio="91.27" anomaliaMedia="62.99" periodoOrbitalD="16"/>
   <objeto id="a4034" nome="4034" numero="4034" designacao="1986 PA" anoDescobrimento="1986" categoria="terra-apollo" excentricidade="0.4439" perielioUA="0.589" afelioUA="1.53" inclinacao="11.17" diametrokm="0.42" longitudeNoAscendente="158.01" argumentoPerielio="296.60" anomaliaMedia="241.81" periodoOrbitalD="398"/>
   <objeto id="a4055" nome="Magellan" numero="4055" designacao="1985 DO2" anoDescobrimento="1985" categoria="terra-amor" excentricidade="0.3263" perielioUA="1.226" afelioUA="2.41" inclinacao="23.25" diametrokm="2.49" longitudeNoAscendente="164.90" argumentoPerielio="154.30" anomaliaMedia="340.57" periodoOrbitalD="897"/>
   <objeto id="a4179" nome="Toutatis" numero="4179" designacao="1989 AC" anoDescobrimento="1989" categoria="terra-apollo" excentricidade="0.6290" perielioUA="0.939" afelioUA="4.12" inclinacao="0.45" diametrokm="5.4" longitudeNoAscendente="124.38" argumentoPerielio="278.65" anomaliaMedia="152.71" periodoOrbitalD="15"/>
   <objeto id="a4197" nome="4197" numero="4197" designacao="1982 TA" anoDescobrimento="1982" categoria="terra-apollo" excentricidade="0.7714" perielioUA="0.525" afelioUA="4.07" inclinacao="12.57" diametrokm="1.8" longitudeNoAscendente="7.27" argumentoPerielio="122.30" anomaliaMedia="323.67" periodoOrbitalD="13"/>
   <objeto id="a4544" nome="Xanthus" numero="4544" designacao="1989 FB" anoDescobrimento="1989" categoria="terra-apollo" excentricidade="0.2501" perielioUA="0.781" afelioUA="1.30" inclinacao="14.15" diametrokm="1.3" longitudeNoAscendente="24.03" argumentoPerielio="333.73" anomaliaMedia="215.50" periodoOrbitalD="388"/>
   <objeto id="a4660" nome="Nereus" numero="4660" designacao="1982 DB" anoDescobrimento="1982" categoria="terra-apollo" excentricidade="0.3599" perielioUA="0.953" afelioUA="2.02" inclinacao="1.43" diametrokm="0.33" longitudeNoAscendente="314.50" argumentoPerielio="157.96" anomaliaMedia="248.58" periodoOrbitalD="663"/>
   <objeto id="a4688" nome="4688" numero="4688" designacao="1980 WF" anoDescobrimento="1980" categoria="terra-amor" excentricidade="0.5149" perielioUA="1.084" afelioUA="3.39" inclinacao="6.38" diametrokm="0.6" longitudeNoAscendente="241.38" argumentoPerielio="213.47" anomaliaMedia="310.99" periodoOrbitalD="12"/>
   <objeto id="a4769" nome="Castalia" numero="4769" designacao="1989 PB" anoDescobrimento="1989" categoria="terra-apollo" excentricidade="0.4831" perielioUA="0.550" afelioUA="1.58" inclinacao="8.89" diametrokm="1.4" longitudeNoAscendente="325.64" argumentoPerielio="121.33" anomaliaMedia="329.30" periodoOrbitalD="400"/>
   <objeto id="a4954" nome="Eric" numero="4954" designacao="1990 SQ" anoDescobrimento="1990" categoria="terra-amor" excentricidade="0.4487" perielioUA="1.104" afelioUA="2.90" inclinacao="17.45" diametrokm="10.8" longitudeNoAscendente="358.56" argumentoPerielio="52.37" anomaliaMedia="338.10" periodoOrbitalD="10"/>
   <objeto id="a5332" nome="Davidaguilar" numero="5332" designacao="1990 DA" anoDescobrimento="1990" categoria="terra-amor" excentricidade="0.4566" perielioUA="1.175" afelioUA="3.15" inclinacao="25.47" diametrokm="3.6" longitudeNoAscendente="142.96" argumentoPerielio="305.78" anomaliaMedia="169.26" periodoOrbitalD="12"/>
   <objeto id="a5370" nome="Taranis" numero="5370" designacao="1986 RA" anoDescobrimento="1986" categoria="terra-amor" excentricidade="0.6344" perielioUA="1.219" afelioUA="5.45" inclinacao="19.09" diametrokm="3.6" longitudeNoAscendente="177.84" argumentoPerielio="161.25" anomaliaMedia="326.22" periodoOrbitalD="22"/>
   <objeto id="a5587" nome="5587" numero="5587" designacao="1990 SB" anoDescobrimento="1990" categoria="terra-amor" excentricidade="0.5472" perielioUA="1.083" afelioUA="3.70" inclinacao="18.10" diametrokm="3.57" longitudeNoAscendente="190.38" argumentoPerielio="86.31" anomaliaMedia="162.72" periodoOrbitalD="14"/>
   <objeto id="a5604" nome="5604" numero="5604" designacao="1992 FE" anoDescobrimento="1992" categoria="terra-aten" excentricidade="0.4053" perielioUA="0.551" afelioUA="1.30" inclinacao="4.79" diametrokm="0.55" longitudeNoAscendente="311.95" argumentoPerielio="82.45" anomaliaMedia="297.88" periodoOrbitalD="326"/>
   <objeto id="a5646" nome="5646" numero="5646" designacao="1990 TR" anoDescobrimento="1990" categoria="terra-amor" excentricidade="0.4368" perielioUA="1.207" afelioUA="3.08" inclinacao="7.91" diametrokm="4.3" longitudeNoAscendente="14.19" argumentoPerielio="335.65" anomaliaMedia="121.65" periodoOrbitalD="12"/>
   <objeto id="a5751" nome="Zao" numero="5751" designacao="1992 AC" anoDescobrimento="1992" categoria="terra-amor" excentricidade="0.4238" perielioUA="1.212" afelioUA="2.99" inclinacao="16.07" diametrokm="2.3" longitudeNoAscendente="121.72" argumentoPerielio="25.28" anomaliaMedia="13.68" periodoOrbitalD="11"/>
   <objeto id="a5797" nome="Bivoj" numero="5797" designacao="1980 AA" anoDescobrimento="1980" categoria="terra-amor" excentricidade="0.4440" perielioUA="1.053" afelioUA="2.73" inclinacao="4.19" diametrokm="0.4" longitudeNoAscendente="299.05" argumentoPerielio="168.36" anomaliaMedia="262.92" periodoOrbitalD="952"/>
   <objeto id="a6063" nome="Jason" numero="6063" designacao="1984 KB" anoDescobrimento="1984" categoria="terra-apollo" excentricidade="0.7662" perielioUA="0.518" afelioUA="3.91" inclinacao="4.92" diametrokm="1.4" longitudeNoAscendente="169.53" argumentoPerielio="337.01" anomaliaMedia="344.87" periodoOrbitalD="12"/>
   <objeto id="a6178" nome="6178" numero="6178" designacao="1986 DA" anoDescobrimento="1986" categoria="terra-amor" excentricidade="0.5856" perielioUA="1.165" afelioUA="4.46" inclinacao="4.31" diametrokm="2.3" longitudeNoAscendente="64.79" argumentoPerielio="127.19" anomaliaMedia="52.03" periodoOrbitalD="17"/>
   <objeto id="a6489" nome="Golevka" numero="6489" designacao="1991 JX" anoDescobrimento="1991" categoria="terra-apollo" excentricidade="0.6050" perielioUA="0.987" afelioUA="4.01" inclinacao="2.28" diametrokm="0.53" longitudeNoAscendente="210.87" argumentoPerielio="66.95" anomaliaMedia="287.24" periodoOrbitalD="14"/>
   <objeto id="a7335" nome="7335" numero="7335" designacao="1989 JA" anoDescobrimento="1989" categoria="terra-apollo" excentricidade="0.4841" perielioUA="0.914" afelioUA="2.63" inclinacao="15.21" diametrokm="1.8" longitudeNoAscendente="61.44" argumentoPerielio="232.10" anomaliaMedia="334.39" periodoOrbitalD="861"/>
   <objeto id="a8013" nome="Gordonmoore" numero="8013" designacao="1990 KA" anoDescobrimento="1990" categoria="terra-amor" excentricidade="0.4307" perielioUA="1.253" afelioUA="3.15" inclinacao="7.56" diametrokm="2.3" longitudeNoAscendente="105.67" argumentoPerielio="146.78" anomaliaMedia="60.22" periodoOrbitalD="12"/>
   <objeto id="a8014" nome="8014" numero="8014" designacao="1990 MF" anoDescobrimento="1990" categoria="terra-apollo" excentricidade="0.4557" perielioUA="0.950" afelioUA="2.54" inclinacao="1.86" diametrokm="0.7" longitudeNoAscendente="210.42" argumentoPerielio="114.18" anomaliaMedia="231.37" periodoOrbitalD="843"/>
   <objeto id="a9856" nome="9856" numero="9856" designacao="1991 EE" anoDescobrimento="1991" categoria="terra-apollo" excentricidade="0.6226" perielioUA="0.848" afelioUA="3.65" inclinacao="9.77" diametrokm="1.0" longitudeNoAscendente="168.93" argumentoPerielio="115.29" anomaliaMedia="230.11" periodoOrbitalD="12"/>
   <objeto id="a14402" nome="14402" numero="14402" designacao="1991 DB" anoDescobrimento="1991" categoria="terra-amor" excentricidade="0.4025" perielioUA="1.025" afelioUA="2.41" inclinacao="11.42" diametrokm="0.6" longitudeNoAscendente="158.32" argumentoPerielio="51.24" anomaliaMedia="204.10" periodoOrbitalD="821"/>
   <objeto id="a14827" nome="Hypnos" numero="14827" designacao="1986 JK" anoDescobrimento="1986" categoria="terra-apollo" excentricidade="0.6650" perielioUA="0.953" afelioUA="4.74" inclinacao="1.98" diametrokm="0.9" longitudeNoAscendente="58.03" argumentoPerielio="238.11" anomaliaMedia="31.66" periodoOrbitalD="18"/>
   <objeto id="a16834" nome="16834" numero="16834" designacao="1997 WU22" anoDescobrimento="1997" categoria="terra-apollo" excentricidade="0.4422" perielioUA="0.819" afelioUA="2.12" inclinacao="15.98" diametrokm="1.87" longitudeNoAscendente="260.86" argumentoPerielio="334.21" anomaliaMedia="245.83" periodoOrbitalD="650"/>
   <objeto id="a19356" nome="19356" numero="19356" designacao="1997 GH3" anoDescobrimento="1997" categoria="terra-amor" excentricidade="0.5666" perielioUA="1.082" afelioUA="3.91" inclinacao="3.00" diametrokm="0.91" longitudeNoAscendente="186.82" argumentoPerielio="333.82" anomaliaMedia="140.53" periodoOrbitalD="14"/>
   <objeto id="a25143" nome="Itokawa" numero="25143" designacao="1998 SF36" anoDescobrimento="1998" categoria="terra-apollo" excentricidade="0.2801" perielioUA="0.953" afelioUA="1.69" inclinacao="1.62" diametrokm="0.33" longitudeNoAscendente="69.08" argumentoPerielio="162.76" anomaliaMedia="19.02" massaGM="2.1e-9" periodoOrbitalD="557"/>
   <objeto id="a25330" nome="25330" numero="25330" designacao="1999 KV4" anoDescobrimento="1999" categoria="terra-apollo" excentricidade="0.3708" perielioUA="0.969" afelioUA="2.11" inclinacao="14.33" diametrokm="3.21" longitudeNoAscendente="50.64" argumentoPerielio="85.99" anomaliaMedia="328.60" periodoOrbitalD="698"/>
   <objeto id="a52760" nome="52760" numero="52760" designacao="1998 ML14" anoDescobrimento="1998" categoria="terra-apollo" excentricidade="0.6206" perielioUA="0.915" afelioUA="3.91" inclinacao="2.43" diametrokm="1.0" longitudeNoAscendente="338.92" argumentoPerielio="20.12" anomaliaMedia="57.55" periodoOrbitalD="14"/>
   <objeto id="a53319" nome="53319" numero="53319" designacao="1999 JM8" anoDescobrimento="1999" categoria="terra-apollo" excentricidade="0.6494" perielioUA="0.949" afelioUA="4.46" inclinacao="13.84" diametrokm="7." longitudeNoAscendente="133.90" argumentoPerielio="166.31" anomaliaMedia="166.99" periodoOrbitalD="16"/>
   <objeto id="a66391" nome="66391" numero="66391" designacao="1999 KW4" anoDescobrimento="1999" categoria="terra-aten" excentricidade="0.6884" perielioUA="0.200" afelioUA="1.08" inclinacao="38.88" diametrokm="1.317" longitudeNoAscendente="244.93" argumentoPerielio="192.61" anomaliaMedia="60.74" periodoOrbitalD="188"/>
   <objeto id="a85182" nome="85182" numero="85182" designacao="1991 AQ" anoDescobrimento="1991" categoria="terra-apollo" excentricidade="0.7801" perielioUA="0.487" afelioUA="3.94" inclinacao="3.19" diametrokm="1.1" longitudeNoAscendente="341.41" argumentoPerielio="241.11" anomaliaMedia="311.28" periodoOrbitalD="12"/>
   <objeto id="a85953" nome="85953" numero="85953" designacao="1999 FK21" anoDescobrimento="1999" categoria="terra-aten" excentricidade="0.7032" perielioUA="0.219" afelioUA="1.26" inclinacao="12.60" diametrokm="0.59" longitudeNoAscendente="180.54" argumentoPerielio="172.34" anomaliaMedia="206.40" periodoOrbitalD="232"/>
   <objeto id="a86039" nome="86039" numero="86039" designacao="1999 NC43" anoDescobrimento="1999" categoria="terra-apollo" excentricidade="0.5790" perielioUA="0.741" afelioUA="2.78" inclinacao="7.12" diametrokm="2.22" longitudeNoAscendente="311.86" argumentoPerielio="120.51" anomaliaMedia="181.84" periodoOrbitalD="852"/>
   <objeto id="a99907" nome="99907" numero="99907" designacao="1989 VA" anoDescobrimento="1989" categoria="terra-aten" excentricidade="0.5947" perielioUA="0.295" afelioUA="1.16" inclinacao="28.80" diametrokm="1.4" longitudeNoAscendente="225.61" argumentoPerielio="2.82" anomaliaMedia="277.58" periodoOrbitalD="227"/>
   <objeto id="a99942" nome="Apophis" numero="99942" designacao="2004 MN4" anoDescobrimento="2004" categoria="terra-aten" excentricidade="0.1911" perielioUA="0.746" afelioUA="1.10" inclinacao="3.33" diametrokm="0.270" longitudeNoAscendente="204.43" argumentoPerielio="126.42" anomaliaMedia="202.50" periodoOrbitalD="324"/>
   <objeto id="a100004" nome="100004" numero="100004" designacao="1983 VA" anoDescobrimento="1983" categoria="terra-apollo" excentricidade="0.6990" perielioUA="0.782" afelioUA="4.41" inclinacao="16.27" diametrokm="2.70" longitudeNoAscendente="77.32" argumentoPerielio="12.04" anomaliaMedia="110.86" periodoOrbitalD="15"/>
   <objeto id="a136564" nome="136564" numero="136564" designacao="1977 VA" anoDescobrimento="1977" categoria="terra-amor" excentricidade="0.3944" perielioUA="1.130" afelioUA="2.60" inclinacao="2.98" diametrokm="0.4" longitudeNoAscendente="224.58" argumentoPerielio="172.45" anomaliaMedia="304.93" periodoOrbitalD="931"/>
   <objeto id="a139056" nome="139056" numero="139056" designacao="2001 FY" anoDescobrimento="2001" categoria="terra-amor" excentricidade="0.3281" perielioUA="1.267" afelioUA="2.50" inclinacao="4.73" diametrokm="0.32" longitudeNoAscendente="111.30" argumentoPerielio="110.34" anomaliaMedia="200.89" periodoOrbitalD="946"/>
   <objeto id="a152558" nome="152558" numero="152558" designacao="1990 SA" anoDescobrimento="1990" categoria="terra-amor" excentricidade="0.4422" perielioUA="1.123" afelioUA="2.90" inclinacao="38.13" diametrokm="1.4" longitudeNoAscendente="172.25" argumentoPerielio="115.14" anomaliaMedia="6.26" periodoOrbitalD="10"/>
   <objeto id="a153591" nome="153591" numero="153591" designacao="2001 SN263" anoDescobrimento="2001" categoria="terra-amor" excentricidade="0.4781" perielioUA="1.037" afelioUA="2.94" inclinacao="6.68" diametrokm="2,1,0.4" longitudeNoAscendente="325.86" argumentoPerielio="172.85" anomaliaMedia="313.48" periodoOrbitalD="10"/>
   <objeto id="a161989" nome="Cacus" numero="161989" designacao="1978 CA" anoDescobrimento="1978" categoria="terra-apollo" excentricidade="0.2139" perielioUA="0.883" afelioUA="1.36" inclinacao="26.06" diametrokm="1.9" longitudeNoAscendente="161.27" argumentoPerielio="102.12" anomaliaMedia="352.24" periodoOrbitalD="435"/>
   <objeto id="a162000" nome="162000" numero="162000" designacao="1990 OS" anoDescobrimento="1990" categoria="terra-apollo" excentricidade="0.4627" perielioUA="0.902" afelioUA="2.45" inclinacao="1.10" diametrokm="0.4" longitudeNoAscendente="346.68" argumentoPerielio="21.36" anomaliaMedia="42.73" periodoOrbitalD="794"/>
   <objeto id="a168318" nome="168318" numero="168318" designacao="1989 DA" anoDescobrimento="1989" categoria="terra-apollo" excentricidade="0.5426" perielioUA="0.990" afelioUA="3.34" inclinacao="6.49" diametrokm="0.9" longitudeNoAscendente="349.24" argumentoPerielio="139.70" anomaliaMedia="271.19" periodoOrbitalD="12"/>
   <objeto id="a217628" nome="Lugh" numero="217628" designacao="1990 HA" anoDescobrimento="1990" categoria="terra-apollo" excentricidade="0.7028" perielioUA="0.758" afelioUA="4.35" inclinacao="4.02" diametrokm="1.4" longitudeNoAscendente="183.19" argumentoPerielio="310.15" anomaliaMedia="341.32" periodoOrbitalD="15"/>
   <objeto id="a1988.ta" nome="1988 TA" designacao="1988 TA" anoDescobrimento="1988" categoria="terra-apollo" excentricidade="0.4787" perielioUA="0.803" afelioUA="2.28" inclinacao="2.54" diametrokm="0.4" longitudeNoAscendente="195.05" argumentoPerielio="104.79" anomaliaMedia="168.50" periodoOrbitalD="699"/>
   <objeto id="a1989.up" nome="1989 UP" designacao="1989 UP" anoDescobrimento="1989" categoria="terra-apollo" excentricidade="0.4725" perielioUA="0.984" afelioUA="2.75" inclinacao="3.86" diametrokm="0.3" longitudeNoAscendente="53.27" argumentoPerielio="17.53" anomaliaMedia="41.03" periodoOrbitalD="930"/>
   <objeto id="a1989.vb" nome="1989 VB" designacao="1989 VB" anoDescobrimento="1989" categoria="terra-apollo" excentricidade="0.4610" perielioUA="1.005" afelioUA="2.72" inclinacao="2.13" diametrokm="0.4" longitudeNoAscendente="38.86" argumentoPerielio="329.78" anomaliaMedia="58.73" periodoOrbitalD="930"/>
   <objeto id="a1990.ua" nome="1990 UA" designacao="1990 UA" anoDescobrimento="1990" categoria="terra-apollo" excentricidade="0.5258" perielioUA="0.778" afelioUA="2.50" inclinacao="0.93" diametrokm="0.4" longitudeNoAscendente="104.24" argumentoPerielio="202.53" anomaliaMedia="171.48" periodoOrbitalD="767"/>
   <objeto id="a1990.up" nome="1990 UP" designacao="1990 UP" anoDescobrimento="1990" categoria="terra-amor" excentricidade="0.1674" perielioUA="1.100" afelioUA="1.54" inclinacao="27.88" diametrokm="0.3" longitudeNoAscendente="33.30" argumentoPerielio="293.29" anomaliaMedia="50.23" periodoOrbitalD="555"/>
   <objeto id="a1998.ky26" nome="1998 KY26" designacao="1998 KY26" anoDescobrimento="1998" categoria="terra-apollo" excentricidade="0.2014" perielioUA="0.984" afelioUA="1.48" inclinacao="1.48" diametrokm="0.03" longitudeNoAscendente="84.45" argumentoPerielio="209.21" anomaliaMedia="286.80" periodoOrbitalD="500"/>
   <objeto id="a2000.bg19" nome="2000 BG19" designacao="2000 BG19" anoDescobrimento="2000" categoria="terra-amor" excentricidade="0.5569" perielioUA="1.181" afelioUA="4.15" inclinacao="12.57" diametrokm="1.77" longitudeNoAscendente="147.91" argumentoPerielio="79.18" anomaliaMedia="120.39" periodoOrbitalD="16"/>
   <objeto id="a2000.pg3" nome="2000 PG3" designacao="2000 PG3" anoDescobrimento="2000" categoria="terra-apollo" excentricidade="0.8554" perielioUA="0.408" afelioUA="5.24" inclinacao="21.96" diametrokm="4.2" longitudeNoAscendente="323.74" argumentoPerielio="141.04" anomaliaMedia="5.36" periodoOrbitalD="17"/>
   <objeto id="a2001.rc12" nome="2001 RC12" designacao="2001 RC12" anoDescobrimento="2001" categoria="terra-amor" excentricidade="0.6394" perielioUA="1.164" afelioUA="5.29" inclinacao="27.32" diametrokm="3.2" longitudeNoAscendente="208.95" argumentoPerielio="185.40" anomaliaMedia="187.33" periodoOrbitalD="21"/>
   <objeto id="a2001.sj262" nome="2001 SJ262" designacao="2001 SJ262" anoDescobrimento="2001" categoria="terra-amor" excentricidade="0.5756" perielioUA="1.250" afelioUA="4.64" inclinacao="10.81" diametrokm="0.34" longitudeNoAscendente="210.42" argumentoPerielio="164.94" anomaliaMedia="263.25" periodoOrbitalD="19"/>
   <objeto id="a2002.bm26" nome="2002 BM26" designacao="2002 BM26" anoDescobrimento="2002" categoria="terra-amor" excentricidade="0.4449" perielioUA="1.017" afelioUA="2.65" inclinacao="16.23" diametrokm="0.84" longitudeNoAscendente="319.70" argumentoPerielio="180.40" anomaliaMedia="144.45" periodoOrbitalD="906"/>
   <objeto id="a2002.ce26" nome="2002 CE26" designacao="2002 CE26" anoDescobrimento="2002" categoria="terra-apollo" excentricidade="0.5595" perielioUA="0.984" afelioUA="3.48" inclinacao="47.31" diametrokm="3.5" longitudeNoAscendente="161.96" argumentoPerielio="228.02" anomaliaMedia="262.45" periodoOrbitalD="12"/>
   <objeto id="a2002.ct46" nome="2002 CT46" designacao="2002 CT46" anoDescobrimento="2002" categoria="terra-amor" excentricidade="0.5308" perielioUA="1.108" afelioUA="3.62" inclinacao="15.73" diametrokm="0.16" longitudeNoAscendente="157.47" argumentoPerielio="356.22" anomaliaMedia="115.40" periodoOrbitalD="13"/>
   <objeto id="a2002.cx58" nome="2002 CX58" designacao="2002 CX58" anoDescobrimento="2002" categoria="terra-apollo" excentricidade="0.6599" perielioUA="0.951" afelioUA="4.64" inclinacao="2.53" diametrokm="0.13" longitudeNoAscendente="110.16" argumentoPerielio="75.75" anomaliaMedia="281.02" periodoOrbitalD="17"/>
   <objeto id="a2008.ev5" nome="2008 EV5" designacao="2008 EV5" anoDescobrimento="2008" categoria="terra-aten" excentricidade="0.0836" perielioUA="0.878" afelioUA="1.04" inclinacao="7.44" diametrokm="0.450" longitudeNoAscendente="93.41" argumentoPerielio="234.85" anomaliaMedia="1.84" periodoOrbitalD="343"/>
</asteroides>