<?xml version="1.0" encoding="utf-8"?>
<asteroides>
    <asteroide id="a588" nome="Achilles" raioMedUA="5.195" excentricidade="0.1480" inclinacao="10.32" categoria="asteroide" longitudeNoAscendente="316.59" argumentoPerielio="132.54" perielioUA="4.426" afelioUA="5.96" diametrokm="135.47" anomaliaMedia="333.12" periodoOrbitalD="4330" anoDescobrimento="1906" numero="588"/>
    <asteroide id="a617" nome="Patroclus" raioMedUA="5.221" excentricidade="0.1399" inclinacao="22.05" categoria="asteroide" longitudeNoAscendente="44.36" argumentoPerielio="307.66" perielioUA="4.490" afelioUA="5.95" diametrokm="140.92" anomaliaMedia="298.92" periodoOrbitalD="4360" anoDescobrimento="1906" numero="617"/>
    <asteroide id="a624" nome="Hektor" raioMedUA="5.238" excentricidade="0.0224" inclinacao="18.18" categoria="asteroide" longitudeNoAscendente="342.79" argumentoPerielio="181.35" perielioUA="5.121" afelioUA="5.36" diametrokm="225" anomaliaMedia="270.17" periodoOrbitalD="4380" anoDescobrimento="1907" numero="624"/>
    <asteroide id="a659" nome="Nestor" raioMedUA="5.188" excentricidade="0.1156" inclinacao="4.52" categoria="asteroide" longitudeNoAscendente="350.86" argumentoPerielio="342.41" perielioUA="4.588" afelioUA="5.79" diametrokm="108.87" anomaliaMedia="74.19" periodoOrbitalD="4320" anoDescobrimento="1908" numero="659"/>
    <asteroide id="a911" nome="Agamemnon" raioMedUA="5.262" excentricidade="0.0674" inclinacao="21.78" categoria="asteroide" longitudeNoAscendente="338.02" argumentoPerielio="80.26" perielioUA="4.907" afelioUA="5.62" diametrokm="166.66" anomaliaMedia="8.21" periodoOrbitalD="4410" anoDescobrimento="1927" numero="911"/>
    <asteroide id="a1143" nome="Odysseus" raioMedUA="5.255" excentricidade="0.0919" inclinacao="3.14" categoria="asteroide" longitudeNoAscendente="221.29" argumentoPerielio="235.66" perielioUA="4.772" afelioUA="5.74" diametrokm="125.64" anomaliaMedia="314.90" periodoOrbitalD="4400" anoDescobrimento="1930" numero="1143"/>
    <asteroide id="a1172" nome="Aneas" raioMedUA="5.2" excentricidade="0.1056" inclinacao="16.68" categoria="asteroide" longitudeNoAscendente="247.38" argumentoPerielio="49.74" perielioUA="4.651" afelioUA="5.75" diametrokm="142.82" anomaliaMedia="7.02" periodoOrbitalD="4330" anoDescobrimento="1930" numero="1172"/>
    <asteroide id="a1173" nome="Anchises" raioMedUA="5.31" excentricidade="0.1387" inclinacao="6.91" categoria="asteroide" longitudeNoAscendente="283.90" argumentoPerielio="40.85" perielioUA="4.573" afelioUA="6.05" diametrokm="126.27" anomaliaMedia="333.93" periodoOrbitalD="4469.999999999999" anoDescobrimento="1930" numero="1173"/>
    <asteroide id="a1208" nome="Troilus" raioMedUA="5.241" excentricidade="0.0924" inclinacao="33.56" categoria="asteroide" longitudeNoAscendente="48.56" argumentoPerielio="295.25" perielioUA="4.757" afelioUA="5.73" diametrokm="103.34" anomaliaMedia="336.35" periodoOrbitalD="4380" anoDescobrimento="1931" numero="1208"/>
    <asteroide id="a1437" nome="Diomedes" raioMedUA="5.173" excentricidade="0.0448" inclinacao="20.51" categoria="asteroide" longitudeNoAscendente="315.82" argumentoPerielio="127.97" perielioUA="4.941" afelioUA="5.40" diametrokm="164.31" anomaliaMedia="3.62" periodoOrbitalD="4300" anoDescobrimento="1937" numero="1437"/>
    <asteroide id="a1583" nome="Antilochus" raioMedUA="5.115" excentricidade="0.0538" inclinacao="28.54" categoria="asteroide" longitudeNoAscendente="221.38" argumentoPerielio="186.70" perielioUA="4.840" afelioUA="5.39" diametrokm="101.62" anomaliaMedia="36.31" periodoOrbitalD="4230" anoDescobrimento="1950" numero="1583"/>
    <asteroide id="a1867" nome="Deiphobus" raioMedUA="5.132" excentricidade="0.0450" inclinacao="26.91" categoria="asteroide" longitudeNoAscendente="283.70" argumentoPerielio="0.55" perielioUA="4.901" afelioUA="5.36" diametrokm="122.67" anomaliaMedia="7.65" periodoOrbitalD="4250" anoDescobrimento="1971" numero="1867"/>
    <asteroide id="a2241" nome="Alcathous" raioMedUA="5.201" excentricidade="0.0656" inclinacao="16.61" categoria="asteroide" longitudeNoAscendente="267.98" argumentoPerielio="292.18" perielioUA="4.859" afelioUA="5.54" diametrokm="114.63" anomaliaMedia="80.00" periodoOrbitalD="4330" anoDescobrimento="1950" numero="2241"/>
    <asteroide id="a2797" nome="Teucer" raioMedUA="5.105" excentricidade="0.0892" inclinacao="22.40" categoria="asteroide" longitudeNoAscendente="69.93" argumentoPerielio="47.25" perielioUA="4.650" afelioUA="5.56" diametrokm="111.14" anomaliaMedia="295.87" periodoOrbitalD="4210" anoDescobrimento="1940" numero="2797"/>
    <asteroide id="a2920" nome="Automedon" raioMedUA="5.111" excentricidade="0.0285" inclinacao="21.12" categoria="asteroide" longitudeNoAscendente="230.95" argumentoPerielio="198.33" perielioUA="4.965" afelioUA="5.26" diametrokm="111.01" anomaliaMedia="358.05" periodoOrbitalD="4220" anoDescobrimento="1981" numero="2920"/>
    <asteroide id="a3063" nome="Makhaon" raioMedUA="5.195" excentricidade="0.0589" inclinacao="12.17" categoria="asteroide" longitudeNoAscendente="287.88" argumentoPerielio="203.27" perielioUA="4.889" afelioUA="5.50" diametrokm="116.14" anomaliaMedia="314.03" periodoOrbitalD="4320" anoDescobrimento="1931" numero="3063"/>
    <asteroide id="a3317" nome="Paris" raioMedUA="5.219" excentricidade="0.1280" inclinacao="27.87" categoria="asteroide" longitudeNoAscendente="135.93" argumentoPerielio="150.05" perielioUA="4.551" afelioUA="5.89" diametrokm="116.26" anomaliaMedia="30.26" periodoOrbitalD="4350" anoDescobrimento="1963" numero="3317"/>
    <asteroide id="a4063" nome="Euforbo" raioMedUA="5.171" excentricidade="0.1197" inclinacao="18.95" categoria="asteroide" longitudeNoAscendente="113.53" argumentoPerielio="317.68" perielioUA="4.552" afelioUA="5.79" diametrokm="102.46" anomaliaMedia="350.85" periodoOrbitalD="4290" anoDescobrimento="1943" numero="4063"/>
   <asteroide id="a6144" nome="Kondojiro" numero="6144" designacao="1994 EQ3" anoDescobrimento="1994" categoria="asteroide" raioMedUA="4.782" excentricidade="0.3591" perielioUA="3.065" afelioUA="6.50" inclinacao="5.86" longitudeNoAscendente="117.25" argumentoPerielio="95.04" anomaliaMedia="224.71" periodoOrbitalD="3820"/>
   <asteroide id="a145485" nome="145485" numero="145485" designacao="2005 UN398" anoDescobrimento="2005" categoria="asteroide" raioMedUA="4.603" excentricidade="0.5192" perielioUA="2.213" afelioUA="6.99" inclinacao="11.56" longitudeNoAscendente="141.36" argumentoPerielio="233.47" anomaliaMedia="199.90" periodoOrbitalD="3610"/>
   <asteroide id="a241944" nome="241944" numero="241944" designacao="2002 CU147" anoDescobrimento="2002" categoria="asteroide" raioMedUA="5.232" excentricidade="0.3131" perielioUA="3.594" afelioUA="6.87" inclinacao="32.86" longitudeNoAscendente="314.96" argumentoPerielio="60.82" anomaliaMedia="354.90" periodoOrbitalD="4370"/>
   <asteroide id="a2000.au242" nome="2000 AU242" designacao="2000 AU242" anoDescobrimento="2000" categoria="asteroide" raioMedUA="4.817" excentricidade="0.4884" perielioUA="2.464" afelioUA="7.17" inclinacao="9.46" longitudeNoAscendente="208.09" argumentoPerielio="335.93" anomaliaMedia="2.46" periodoOrbitalD="3860"/>
   <asteroide id="a2001.xw150" nome="2001 XW150" designacao="2001 XW150" anoDescobrimento="2001" categoria="asteroide" raioMedUA="4.803" excentricidade="0.5328" perielioUA="2.244" afelioUA="7.36" inclinacao="4.24" longitudeNoAscendente="248.85" argumentoPerielio="204.10" anomaliaMedia="357.87" periodoOrbitalD="3840"/>
   <asteroide id="a2006.ur111" nome="2006 UR111" designacao="2006 UR111" anoDescobrimento="2006" categoria="asteroide" raioMedUA="4.941" excentricidade="0.4377" perielioUA="2.778" afelioUA="7.10" inclinacao="13.90" longitudeNoAscendente="203.40" argumentoPerielio="219.12" anomaliaMedia="118.04" periodoOrbitalD="4010"/>
   <asteroide id="a2007.cm57" nome="2007 CM57" designacao="2007 CM57" anoDescobrimento="2007" categoria="asteroide" raioMedUA="5.321" excentricidade="0.3118" perielioUA="3.662" afelioUA="6.98" inclinacao="11.98" longitudeNoAscendente="2.11" argumentoPerielio="158.86" anomaliaMedia="105.85" periodoOrbitalD="4480"/>
   <asteroide id="a2007.rs41" nome="2007 RS41" designacao="2007 RS41" anoDescobrimento="2007" categoria="asteroide" raioMedUA="4.61" excentricidade="0.3248" perielioUA="3.112" afelioUA="6.11" inclinacao="10.29" longitudeNoAscendente="149.89" argumentoPerielio="199.88" anomaliaMedia="0.65" periodoOrbitalD="3610"/>
   <asteroide id="a2008.gn1" nome="2008 GN1" designacao="2008 GN1" anoDescobrimento="2008" categoria="asteroide" raioMedUA="5.314" excentricidade="0.4010" perielioUA="3.183" afelioUA="7.44" inclinacao="39.72" longitudeNoAscendente="271.87" argumentoPerielio="159.02" anomaliaMedia="296.66" periodoOrbitalD="4470"/>
   <asteroide id="a2008.ud253" nome="2008 UD253" designacao="2008 UD253" anoDescobrimento="2008" categoria="asteroide" raioMedUA="4.74" excentricidade="0.4853" perielioUA="2.440" afelioUA="7.04" inclinacao="13.68" longitudeNoAscendente="35.63" argumentoPerielio="355.72" anomaliaMedia="75.00" periodoOrbitalD="3770"/>
   <asteroide id="a2009.xy21" nome="2009 XY21" designacao="2009 XY21" anoDescobrimento="2009" categoria="asteroide" raioMedUA="5.273" excentricidade="0.4134" perielioUA="3.093" afelioUA="7.45" inclinacao="3.72" longitudeNoAscendente="308.92" argumentoPerielio="155.94" anomaliaMedia="36.10" periodoOrbitalD="4420"/>
   <asteroide id="a2010.ae134" nome="2010 AE134" designacao="2010 AE134" anoDescobrimento="2010" categoria="asteroide" raioMedUA="5.026" excentricidade="0.3061" perielioUA="3.488" afelioUA="6.56" inclinacao="7.76" longitudeNoAscendente="262.08" argumentoPerielio="289.68" anomaliaMedia="356.32" periodoOrbitalD="4120"/>
   <asteroide id="a2010.as111" nome="2010 AS111" designacao="2010 AS111" anoDescobrimento="2010" categoria="asteroide" raioMedUA="5.256" excentricidade="0.3000" perielioUA="3.679" afelioUA="6.83" inclinacao="19.95" longitudeNoAscendente="77.86" argumentoPerielio="321.74" anomaliaMedia="359.63" periodoOrbitalD="4400"/>
   <asteroide id="a2010.aw114" nome="2010 AW114" designacao="2010 AW114" anoDescobrimento="2010" categoria="asteroide" raioMedUA="5.018" excentricidade="0.3048" perielioUA="3.488" afelioUA="6.55" inclinacao="15.05" longitudeNoAscendente="258.62" argumentoPerielio="138.45" anomaliaMedia="1.90" periodoOrbitalD="4110"/>
   <asteroide id="a2010.aw138" nome="2010 AW138" designacao="2010 AW138" anoDescobrimento="2010" categoria="asteroide" raioMedUA="5.062" excentricidade="0.3088" perielioUA="3.499" afelioUA="6.62" inclinacao="10.30" longitudeNoAscendente="57.17" argumentoPerielio="343.48" anomaliaMedia="1.64" periodoOrbitalD="4160"/>
   <asteroide id="a2010.bj7" nome="2010 BJ7" designacao="2010 BJ7" anoDescobrimento="2010" categoria="asteroide" raioMedUA="5.088" excentricidade="0.3128" perielioUA="3.496" afelioUA="6.68" inclinacao="10.55" longitudeNoAscendente="37.78" argumentoPerielio="3.38" anomaliaMedia="1.60" periodoOrbitalD="4190"/>
   <asteroide id="a2010.bm100" nome="2010 BM100" designacao="2010 BM100" anoDescobrimento="2010" categoria="asteroide" raioMedUA="5.055" excentricidade="0.3068" perielioUA="3.504" afelioUA="6.61" inclinacao="20.41" longitudeNoAscendente="70.35" argumentoPerielio="344.82" anomaliaMedia="1.01" periodoOrbitalD="4150"/>
   <asteroide id="a2010.bo84" nome="2010 BO84" designacao="2010 BO84" anoDescobrimento="2010" categoria="asteroide" raioMedUA="4.997" excentricidade="0.3084" perielioUA="3.456" afelioUA="6.54" inclinacao="16.44" longitudeNoAscendente="81.18" argumentoPerielio="121.71" anomaliaMedia="357.26" periodoOrbitalD="4080"/>
   <asteroide id="a2010.bp83" nome="2010 BP83" designacao="2010 BP83" anoDescobrimento="2010" categoria="asteroide" raioMedUA="4.998" excentricidade="0.3022" perielioUA="3.488" afelioUA="6.51" inclinacao="4.08" longitudeNoAscendente="136.46" argumentoPerielio="209.81" anomaliaMedia="38.34" periodoOrbitalD="4080"/>
   <asteroide id="a2010.bs127" nome="2010 BS127" designacao="2010 BS127" anoDescobrimento="2010" categoria="asteroide" raioMedUA="5.007" excentricidade="0.3139" perielioUA="3.435" afelioUA="6.58" inclinacao="11.87" longitudeNoAscendente="235.49" argumentoPerielio="335.37" anomaliaMedia="356.47" periodoOrbitalD="4090"/>
   <asteroide id="a2010.bt14" nome="2010 BT14" designacao="2010 BT14" anoDescobrimento="2010" categoria="asteroide" raioMedUA="5.259" excentricidade="0.3004" perielioUA="3.679" afelioUA="6.84" inclinacao="13.85" longitudeNoAscendente="249.56" argumentoPerielio="298.99" anomaliaMedia="358.76" periodoOrbitalD="4400"/>
   <asteroide id="a2010.bu104" nome="2010 BU104" designacao="2010 BU104" anoDescobrimento="2010" categoria="asteroide" raioMedUA="5.054" excentricidade="0.3062" perielioUA="3.507" afelioUA="6.60" inclinacao="11.28" longitudeNoAscendente="67.31" argumentoPerielio="346.96" anomaliaMedia="1.99" periodoOrbitalD="4150"/>
   <asteroide id="a2010.bw106" nome="2010 BW106" designacao="2010 BW106" anoDescobrimento="2010" categoria="asteroide" raioMedUA="5.246" excentricidade="0.3071" perielioUA="3.635" afelioUA="6.86" inclinacao="10.98" longitudeNoAscendente="133.94" argumentoPerielio="72.59" anomaliaMedia="358.22" periodoOrbitalD="4390"/>
   <asteroide id="a2010.bw50" nome="2010 BW50" designacao="2010 BW50" anoDescobrimento="2010" categoria="asteroide" raioMedUA="5.094" excentricidade="0.3095" perielioUA="3.518" afelioUA="6.67" inclinacao="14.18" longitudeNoAscendente="244.55" argumentoPerielio="162.42" anomaliaMedia="0.77" periodoOrbitalD="4200"/>
   <asteroide id="a2010.bx63" nome="2010 BX63" designacao="2010 BX63" anoDescobrimento="2010" categoria="asteroide" raioMedUA="5.272" excentricidade="0.3082" perielioUA="3.647" afelioUA="6.90" inclinacao="11.29" longitudeNoAscendente="176.44" argumentoPerielio="20.99" anomaliaMedia="357.60" periodoOrbitalD="4420"/>
   <asteroide id="a2010.by38" nome="2010 BY38" designacao="2010 BY38" anoDescobrimento="2010" categoria="asteroide" raioMedUA="5.285" excentricidade="0.3061" perielioUA="3.667" afelioUA="6.90" inclinacao="10.60" longitudeNoAscendente="269.01" argumentoPerielio="284.40" anomaliaMedia="357.86" periodoOrbitalD="4440"/>
   <asteroide id="a2010.bz25" nome="2010 BZ25" designacao="2010 BZ25" anoDescobrimento="2010" categoria="asteroide" raioMedUA="5.259" excentricidade="0.3194" perielioUA="3.580" afelioUA="6.94" inclinacao="10.03" longitudeNoAscendente="26.32" argumentoPerielio="318.44" anomaliaMedia="31.88" periodoOrbitalD="4410"/>
   <asteroide id="a2010.cb135" nome="2010 CB135" designacao="2010 CB135" anoDescobrimento="2010" categoria="asteroide" raioMedUA="5.024" excentricidade="0.3117" perielioUA="3.458" afelioUA="6.59" inclinacao="11.09" longitudeNoAscendente="104.68" argumentoPerielio="116.58" anomaliaMedia="355.26" periodoOrbitalD="4110"/>
   <asteroide id="a2010.cd225" nome="2010 CD225" designacao="2010 CD225" anoDescobrimento="2010" categoria="asteroide" raioMedUA="5.087" excentricidade="0.3090" perielioUA="3.515" afelioUA="6.66" inclinacao="15.60" longitudeNoAscendente="177.62" argumentoPerielio="102.27" anomaliaMedia="322.95" periodoOrbitalD="4190"/>
   <asteroide id="a2010.cl207" nome="2010 CL207" designacao="2010 CL207" anoDescobrimento="2010" categoria="asteroide" raioMedUA="5.017" excentricidade="0.3000" perielioUA="3.512" afelioUA="6.52" inclinacao="28.08" longitudeNoAscendente="276.80" argumentoPerielio="145.73" anomaliaMedia="0.05" periodoOrbitalD="4100"/>
   <asteroide id="a2010.co131" nome="2010 CO131" designacao="2010 CO131" anoDescobrimento="2010" categoria="asteroide" raioMedUA="5.152" excentricidade="0.3161" perielioUA="3.524" afelioUA="6.78" inclinacao="10.75" longitudeNoAscendente="59.50" argumentoPerielio="12.96" anomaliaMedia="2.35" periodoOrbitalD="4270"/>
   <asteroide id="a2010.co190" nome="2010 CO190" designacao="2010 CO190" anoDescobrimento="2010" categoria="asteroide" raioMedUA="5.212" excentricidade="0.3164" perielioUA="3.563" afelioUA="6.86" inclinacao="15.71" longitudeNoAscendente="311.58" argumentoPerielio="56.70" anomaliaMedia="32.87" periodoOrbitalD="4350"/>
   <asteroide id="a2010.cq140" nome="2010 CQ140" designacao="2010 CQ140" anoDescobrimento="2010" categoria="asteroide" raioMedUA="5.145" excentricidade="0.4001" perielioUA="3.087" afelioUA="7.20" inclinacao="39.44" longitudeNoAscendente="197.23" argumentoPerielio="290.68" anomaliaMedia="343.66" periodoOrbitalD="4260"/>
   <asteroide id="a2010.cq207" nome="2010 CQ207" designacao="2010 CQ207" anoDescobrimento="2010" categoria="asteroide" raioMedUA="5.091" excentricidade="0.3105" perielioUA="3.510" afelioUA="6.67" inclinacao="11.07" longitudeNoAscendente="62.30" argumentoPerielio="0.37" anomaliaMedia="1.35" periodoOrbitalD="4200"/>
   <asteroide id="a2010.cr235" nome="2010 CR235" designacao="2010 CR235" anoDescobrimento="2010" categoria="asteroide" raioMedUA="5.144" excentricidade="0.3183" perielioUA="3.506" afelioUA="6.78" inclinacao="10.58" longitudeNoAscendente="276.39" argumentoPerielio="140.72" anomaliaMedia="2.37" periodoOrbitalD="4260"/>
   <asteroide id="a2010.cs243" nome="2010 CS243" designacao="2010 CS243" anoDescobrimento="2010" categoria="asteroide" raioMedUA="5.025" excentricidade="0.3175" perielioUA="3.430" afelioUA="6.62" inclinacao="8.72" longitudeNoAscendente="257.24" argumentoPerielio="317.57" anomaliaMedia="355.85" periodoOrbitalD="4110"/>
   <asteroide id="a2010.ct241" nome="2010 CT241" designacao="2010 CT241" anoDescobrimento="2010" categoria="asteroide" raioMedUA="5.11" excentricidade="0.3131" perielioUA="3.510" afelioUA="6.71" inclinacao="11.29" longitudeNoAscendente="356.32" argumentoPerielio="63.32" anomaliaMedia="2.08" periodoOrbitalD="4220"/>
   <asteroide id="a2010.cv11" nome="2010 CV11" designacao="2010 CV11" anoDescobrimento="2010" categoria="asteroide" raioMedUA="4.983" excentricidade="0.3051" perielioUA="3.463" afelioUA="6.50" inclinacao="17.51" longitudeNoAscendente="163.78" argumentoPerielio="56.39" anomaliaMedia="355.75" periodoOrbitalD="4060"/>
   <asteroide id="a2010.cv189" nome="2010 CV189" designacao="2010 CV189" anoDescobrimento="2010" categoria="asteroide" raioMedUA="5.166" excentricidade="0.3164" perielioUA="3.532" afelioUA="6.80" inclinacao="22.22" longitudeNoAscendente="239.21" argumentoPerielio="195.94" anomaliaMedia="358.65" periodoOrbitalD="4290"/>
   <asteroide id="a2010.db32" nome="2010 DB32" designacao="2010 DB32" anoDescobrimento="2010" categoria="asteroide" raioMedUA="5.079" excentricidade="0.3052" perielioUA="3.529" afelioUA="6.63" inclinacao="10.83" longitudeNoAscendente="204.83" argumentoPerielio="232.91" anomaliaMedia="1.95" periodoOrbitalD="4180"/>
   <asteroide id="a2010.ed144" nome="2010 ED144" designacao="2010 ED144" anoDescobrimento="2010" categoria="asteroide" raioMedUA="5.04" excentricidade="0.3041" perielioUA="3.507" afelioUA="6.57" inclinacao="9.72" longitudeNoAscendente="161.99" argumentoPerielio="283.20" anomaliaMedia="1.86" periodoOrbitalD="4130"/>
   <asteroide id="a2010.ee152" nome="2010 EE152" designacao="2010 EE152" anoDescobrimento="2010" categoria="asteroide" raioMedUA="5.129" excentricidade="0.3132" perielioUA="3.522" afelioUA="6.74" inclinacao="11.44" longitudeNoAscendente="86.27" argumentoPerielio="11.43" anomaliaMedia="1.97" periodoOrbitalD="4240"/>
   <asteroide id="a2010.ee155" nome="2010 EE155" designacao="2010 EE155" anoDescobrimento="2010" categoria="asteroide" raioMedUA="5.283" excentricidade="0.3081" perielioUA="3.655" afelioUA="6.91" inclinacao="9.95" longitudeNoAscendente="219.27" argumentoPerielio="29.03" anomaliaMedia="358.09" periodoOrbitalD="4440"/>
   <asteroide id="a2010.eg150" nome="2010 EG150" designacao="2010 EG150" anoDescobrimento="2010" categoria="asteroide" raioMedUA="5.112" excentricidade="0.3104" perielioUA="3.526" afelioUA="6.70" inclinacao="27.24" longitudeNoAscendente="276.55" argumentoPerielio="187.39" anomaliaMedia="358.67" periodoOrbitalD="4220"/>
   <asteroide id="a2010.ek59" nome="2010 EK59" designacao="2010 EK59" anoDescobrimento="2010" categoria="asteroide" raioMedUA="5.202" excentricidade="0.3105" perielioUA="3.587" afelioUA="6.82" inclinacao="15.65" longitudeNoAscendente="280.83" argumentoPerielio="119.61" anomaliaMedia="33.61" periodoOrbitalD="4330"/>
   <asteroide id="a2010.ev13" nome="2010 EV13" designacao="2010 EV13" anoDescobrimento="2010" categoria="asteroide" raioMedUA="5.064" excentricidade="0.3197" perielioUA="3.445" afelioUA="6.68" inclinacao="25.88" longitudeNoAscendente="257.38" argumentoPerielio="140.66" anomaliaMedia="31.16" periodoOrbitalD="4160"/>
   <asteroide id="a2010.ex4" nome="2010 EX4" designacao="2010 EX4" anoDescobrimento="2010" categoria="asteroide" raioMedUA="5.239" excentricidade="0.3061" perielioUA="3.635" afelioUA="6.84" inclinacao="8.81" longitudeNoAscendente="302.60" argumentoPerielio="296.94" anomaliaMedia="357.08" periodoOrbitalD="4380"/>
   <asteroide id="a2010.ey94" nome="2010 EY94" designacao="2010 EY94" anoDescobrimento="2010" categoria="asteroide" raioMedUA="4.967" excentricidade="0.4847" perielioUA="2.560" afelioUA="7.37" inclinacao="35.17" longitudeNoAscendente="168.57" argumentoPerielio="301.56" anomaliaMedia="21.81" periodoOrbitalD="4040"/>
   <asteroide id="a2010.ez163" nome="2010 EZ163" designacao="2010 EZ163" anoDescobrimento="2010" categoria="asteroide" raioMedUA="5.159" excentricidade="0.3192" perielioUA="3.512" afelioUA="6.80" inclinacao="5.78" longitudeNoAscendente="77.12" argumentoPerielio="10.48" anomaliaMedia="1.59" periodoOrbitalD="4280"/>
   <asteroide id="a2010.fa105" nome="2010 FA105" designacao="2010 FA105" anoDescobrimento="2010" categoria="asteroide" raioMedUA="4.903" excentricidade="0.3188" perielioUA="3.340" afelioUA="6.47" inclinacao="10.56" longitudeNoAscendente="82.49" argumentoPerielio="19.98" anomaliaMedia="3.25" periodoOrbitalD="3970"/>
   <asteroide id="a2010.fe75" nome="2010 FE75" designacao="2010 FE75" anoDescobrimento="2010" categoria="asteroide" raioMedUA="5.04" excentricidade="0.3166" perielioUA="3.444" afelioUA="6.64" inclinacao="23.71" longitudeNoAscendente="319.29" argumentoPerielio="305.95" anomaliaMedia="357.40" periodoOrbitalD="4130"/>
   <asteroide id="a2010.fp86" nome="2010 FP86" designacao="2010 FP86" anoDescobrimento="2010" categoria="asteroide" raioMedUA="4.919" excentricidade="0.3017" perielioUA="3.435" afelioUA="6.40" inclinacao="19.19" longitudeNoAscendente="334.56" argumentoPerielio="294.65" anomaliaMedia="356.26" periodoOrbitalD="3980"/>
   <asteroide id="a2010.ga17" nome="2010 GA17" designacao="2010 GA17" anoDescobrimento="2010" categoria="asteroide" raioMedUA="5.168" excentricidade="0.3124" perielioUA="3.553" afelioUA="6.78" inclinacao="18.99" longitudeNoAscendente="48.86" argumentoPerielio="11.72" anomaliaMedia="34.41" periodoOrbitalD="4290"/>
   <asteroide id="a2010.ge17" nome="2010 GE17" designacao="2010 GE17" anoDescobrimento="2010" categoria="asteroide" raioMedUA="4.756" excentricidade="0.4176" perielioUA="2.770" afelioUA="6.74" inclinacao="13.23" longitudeNoAscendente="356.50" argumentoPerielio="256.42" anomaliaMedia="3.05" periodoOrbitalD="3790"/>
   <asteroide id="a2010.gk45" nome="2010 GK45" designacao="2010 GK45" anoDescobrimento="2010" categoria="asteroide" raioMedUA="5.165" excentricidade="0.3179" perielioUA="3.523" afelioUA="6.81" inclinacao="14.73" longitudeNoAscendente="150.50" argumentoPerielio="332.96" anomaliaMedia="1.75" periodoOrbitalD="4290"/>
   <asteroide id="a2010.gr152" nome="2010 GR152" designacao="2010 GR152" anoDescobrimento="2010" categoria="asteroide" raioMedUA="5.084" excentricidade="0.3054" perielioUA="3.531" afelioUA="6.64" inclinacao="9.24" longitudeNoAscendente="311.92" argumentoPerielio="180.28" anomaliaMedia="2.81" periodoOrbitalD="4190"/>
   <asteroide id="a2010.gr78" nome="2010 GR78" designacao="2010 GR78" anoDescobrimento="2010" categoria="asteroide" raioMedUA="5.101" excentricidade="0.3091" perielioUA="3.524" afelioUA="6.68" inclinacao="13.03" longitudeNoAscendente="324.70" argumentoPerielio="162.93" anomaliaMedia="1.30" periodoOrbitalD="4210"/>
   <asteroide id="a2010.gv17" nome="2010 GV17" designacao="2010 GV17" anoDescobrimento="2010" categoria="asteroide" raioMedUA="5.12" excentricidade="0.3135" perielioUA="3.515" afelioUA="6.72" inclinacao="7.63" longitudeNoAscendente="284.07" argumentoPerielio="195.18" anomaliaMedia="2.44" periodoOrbitalD="4230"/>
   <asteroide id="a2010.hj41" nome="2010 HJ41" designacao="2010 HJ41" anoDescobrimento="2010" categoria="asteroide" raioMedUA="4.939" excentricidade="0.3006" perielioUA="3.455" afelioUA="6.42" inclinacao="16.46" longitudeNoAscendente="307.54" argumentoPerielio="341.54" anomaliaMedia="356.92" periodoOrbitalD="4010"/>
   <asteroide id="a2010.hl99" nome="2010 HL99" designacao="2010 HL99" anoDescobrimento="2010" categoria="asteroide" raioMedUA="5.09" excentricidade="0.3027" perielioUA="3.549" afelioUA="6.63" inclinacao="27.62" longitudeNoAscendente="287.48" argumentoPerielio="71.05" anomaliaMedia="324.79" periodoOrbitalD="4190"/>
   <asteroide id="a2010.hp91" nome="2010 HP91" designacao="2010 HP91" anoDescobrimento="2010" categoria="asteroide" raioMedUA="5.024" excentricidade="0.3019" perielioUA="3.507" afelioUA="6.54" inclinacao="8.88" longitudeNoAscendente="261.03" argumentoPerielio="242.89" anomaliaMedia="2.19" periodoOrbitalD="4110"/>
   <asteroide id="a2010.hv45" nome="2010 HV45" designacao="2010 HV45" anoDescobrimento="2010" categoria="asteroide" raioMedUA="5.025" excentricidade="0.3066" perielioUA="3.484" afelioUA="6.57" inclinacao="22.49" longitudeNoAscendente="355.47" argumentoPerielio="356.70" anomaliaMedia="322.55" periodoOrbitalD="4110"/>
   <asteroide id="a2010.hw10" nome="2010 HW10" designacao="2010 HW10" anoDescobrimento="2010" categoria="asteroide" raioMedUA="5.036" excentricidade="0.3127" perielioUA="3.461" afelioUA="6.61" inclinacao="13.06" longitudeNoAscendente="307.13" argumentoPerielio="338.35" anomaliaMedia="356.83" periodoOrbitalD="4130"/>
   <asteroide id="a2010.hw73" nome="2010 HW73" designacao="2010 HW73" anoDescobrimento="2010" categoria="asteroide" raioMedUA="4.708" excentricidade="0.4400" perielioUA="2.637" afelioUA="6.78" inclinacao="11.16" longitudeNoAscendente="50.34" argumentoPerielio="133.93" anomaliaMedia="347.69" periodoOrbitalD="3730"/>
   <asteroide id="a2010.hx54" nome="2010 HX54" designacao="2010 HX54" anoDescobrimento="2010" categoria="asteroide" raioMedUA="5.013" excentricidade="0.3016" perielioUA="3.501" afelioUA="6.52" inclinacao="14.86" longitudeNoAscendente="41.46" argumentoPerielio="96.93" anomaliaMedia="2.79" periodoOrbitalD="4100"/>
   <asteroide id="a2010.ja100" nome="2010 JA100" designacao="2010 JA100" anoDescobrimento="2010" categoria="asteroide" raioMedUA="5.018" excentricidade="0.3083" perielioUA="3.471" afelioUA="6.57" inclinacao="15.62" longitudeNoAscendente="326.98" argumentoPerielio="340.32" anomaliaMedia="356.87" periodoOrbitalD="4110"/>
   <asteroide id="a2010.ja67" nome="2010 JA67" designacao="2010 JA67" anoDescobrimento="2010" categoria="asteroide" raioMedUA="5.043" excentricidade="0.3125" perielioUA="3.467" afelioUA="6.62" inclinacao="13.91" longitudeNoAscendente="203.52" argumentoPerielio="104.24" anomaliaMedia="355.79" periodoOrbitalD="4140"/>
   <asteroide id="a2010.ja93" nome="2010 JA93" designacao="2010 JA93" anoDescobrimento="2010" categoria="asteroide" raioMedUA="5.022" excentricidade="0.3034" perielioUA="3.498" afelioUA="6.55" inclinacao="16.25" longitudeNoAscendente="229.81" argumentoPerielio="220.78" anomaliaMedia="38.56" periodoOrbitalD="4110"/>
   <asteroide id="a2010.jc130" nome="2010 JC130" designacao="2010 JC130" anoDescobrimento="2010" categoria="asteroide" raioMedUA="5.084" excentricidade="0.3059" perielioUA="3.529" afelioUA="6.64" inclinacao="15.75" longitudeNoAscendente="54.77" argumentoPerielio="102.92" anomaliaMedia="2.88" periodoOrbitalD="4190"/>
   <asteroide id="a2010.jf145" nome="2010 JF145" designacao="2010 JF145" anoDescobrimento="2010" categoria="asteroide" raioMedUA="5.295" excentricidade="0.3097" perielioUA="3.655" afelioUA="6.93" inclinacao="19.66" longitudeNoAscendente="44.79" argumentoPerielio="267.48" anomaliaMedia="356.97" periodoOrbitalD="4450"/>
   <asteroide id="a2010.jh23" nome="2010 JH23" designacao="2010 JH23" anoDescobrimento="2010" categoria="asteroide" raioMedUA="5.034" excentricidade="0.3008" perielioUA="3.520" afelioUA="6.55" inclinacao="10.49" longitudeNoAscendente="208.04" argumentoPerielio="300.25" anomaliaMedia="3.62" periodoOrbitalD="4130"/>
   <asteroide id="a2010.jk52" nome="2010 JK52" designacao="2010 JK52" anoDescobrimento="2010" categoria="asteroide" raioMedUA="5.178" excentricidade="0.3195" perielioUA="3.524" afelioUA="6.83" inclinacao="13.91" longitudeNoAscendente="129.34" argumentoPerielio="23.44" anomaliaMedia="2.57" periodoOrbitalD="4300"/>
   <asteroide id="a2010.jl135" nome="2010 JL135" designacao="2010 JL135" anoDescobrimento="2010" categoria="asteroide" raioMedUA="5.074" excentricidade="0.3182" perielioUA="3.460" afelioUA="6.69" inclinacao="11.57" longitudeNoAscendente="258.77" argumentoPerielio="56.10" anomaliaMedia="355.10" periodoOrbitalD="4170"/>
   <asteroide id="a2010.jn57" nome="2010 JN57" designacao="2010 JN57" anoDescobrimento="2010" categoria="asteroide" raioMedUA="5.079" excentricidade="0.3072" perielioUA="3.519" afelioUA="6.64" inclinacao="10.55" longitudeNoAscendente="209.68" argumentoPerielio="301.69" anomaliaMedia="3.43" periodoOrbitalD="4180"/>
   <asteroide id="a2010.jo53" nome="2010 JO53" designacao="2010 JO53" anoDescobrimento="2010" categoria="asteroide" raioMedUA="5.168" excentricidade="0.3186" perielioUA="3.521" afelioUA="6.81" inclinacao="12.05" longitudeNoAscendente="41.25" argumentoPerielio="49.24" anomaliaMedia="35.30" periodoOrbitalD="4290"/>
   <asteroide id="a2010.jo63" nome="2010 JO63" designacao="2010 JO63" anoDescobrimento="2010" categoria="asteroide" raioMedUA="5.059" excentricidade="0.3053" perielioUA="3.515" afelioUA="6.60" inclinacao="11.57" longitudeNoAscendente="44.13" argumentoPerielio="45.51" anomaliaMedia="38.03" periodoOrbitalD="4160"/>
   <asteroide id="a2010.jv109" nome="2010 JV109" designacao="2010 JV109" anoDescobrimento="2010" categoria="asteroide" raioMedUA="5.06" excentricidade="0.3032" perielioUA="3.526" afelioUA="6.59" inclinacao="3.21" longitudeNoAscendente="179.28" argumentoPerielio="338.18" anomaliaMedia="2.66" periodoOrbitalD="4160"/>
   <asteroide id="a2010.kk124" nome="2010 KK124" designacao="2010 KK124" anoDescobrimento="2010" categoria="asteroide" raioMedUA="5.117" excentricidade="0.3148" perielioUA="3.506" afelioUA="6.73" inclinacao="24.82" longitudeNoAscendente="69.69" argumentoPerielio="103.02" anomaliaMedia="3.63" periodoOrbitalD="4230"/>
   <asteroide id="a2010.kk85" nome="2010 KK85" designacao="2010 KK85" anoDescobrimento="2010" categoria="asteroide" raioMedUA="5.047" excentricidade="0.3025" perielioUA="3.520" afelioUA="6.57" inclinacao="2.21" longitudeNoAscendente="109.42" argumentoPerielio="59.77" anomaliaMedia="3.56" periodoOrbitalD="4140"/>
   <asteroide id="a2010.km6" nome="2010 KM6" designacao="2010 KM6" anoDescobrimento="2010" categoria="asteroide" raioMedUA="5.188" excentricidade="0.3185" perielioUA="3.536" afelioUA="6.84" inclinacao="25.44" longitudeNoAscendente="261.05" argumentoPerielio="263.01" anomaliaMedia="2.04" periodoOrbitalD="4320"/>
   <asteroide id="a2010.kn103" nome="2010 KN103" designacao="2010 KN103" anoDescobrimento="2010" categoria="asteroide" raioMedUA="5.039" excentricidade="0.3037" perielioUA="3.509" afelioUA="6.57" inclinacao="15.26" longitudeNoAscendente="87.59" argumentoPerielio="84.33" anomaliaMedia="3.50" periodoOrbitalD="4130"/>
   <asteroide id="a2010.ko126" nome="2010 KO126" designacao="2010 KO126" anoDescobrimento="2010" categoria="asteroide" raioMedUA="5.265" excentricidade="0.3100" perielioUA="3.633" afelioUA="6.90" inclinacao="16.74" longitudeNoAscendente="101.67" argumentoPerielio="228.76" anomaliaMedia="357.29" periodoOrbitalD="4410"/>
   <asteroide id="a2010.ku104" nome="2010 KU104" designacao="2010 KU104" anoDescobrimento="2010" categoria="asteroide" raioMedUA="5.297" excentricidade="0.3010" perielioUA="3.703" afelioUA="6.89" inclinacao="11.15" longitudeNoAscendente="48.50" argumentoPerielio="125.57" anomaliaMedia="1.36" periodoOrbitalD="4450"/>
   <asteroide id="a2010.ku6" nome="2010 KU6" designacao="2010 KU6" anoDescobrimento="2010" categoria="asteroide" raioMedUA="5.166" excentricidade="0.3154" perielioUA="3.537" afelioUA="6.80" inclinacao="7.77" longitudeNoAscendente="356.71" argumentoPerielio="164.36" anomaliaMedia="2.45" periodoOrbitalD="4290"/>
   <asteroide id="a2010.kx83" nome="2010 KX83" designacao="2010 KX83" anoDescobrimento="2010" categoria="asteroide" raioMedUA="5.015" excentricidade="0.3009" perielioUA="3.506" afelioUA="6.52" inclinacao="17.43" longitudeNoAscendente="285.47" argumentoPerielio="246.23" anomaliaMedia="3.03" periodoOrbitalD="4100"/>
   <asteroide id="a2010.le26" nome="2010 LE26" designacao="2010 LE26" anoDescobrimento="2010" categoria="asteroide" raioMedUA="5.061" excentricidade="0.3046" perielioUA="3.520" afelioUA="6.60" inclinacao="17.00" longitudeNoAscendente="245.01" argumentoPerielio="293.48" anomaliaMedia="2.84" periodoOrbitalD="4160"/>
   <asteroide id="a2010.le66" nome="2010 LE66" designacao="2010 LE66" anoDescobrimento="2010" categoria="asteroide" raioMedUA="5.02" excentricidade="0.3167" perielioUA="3.430" afelioUA="6.61" inclinacao="24.57" longitudeNoAscendente="165.36" argumentoPerielio="325.96" anomaliaMedia="31.64" periodoOrbitalD="4110"/>
   <asteroide id="a2010.ln103" nome="2010 LN103" designacao="2010 LN103" anoDescobrimento="2010" categoria="asteroide" raioMedUA="5.031" excentricidade="0.3138" perielioUA="3.452" afelioUA="6.61" inclinacao="17.08" longitudeNoAscendente="317.90" argumentoPerielio="25.09" anomaliaMedia="356.58" periodoOrbitalD="4120"/>
   <asteroide id="a2010.ln122" nome="2010 LN122" designacao="2010 LN122" anoDescobrimento="2010" categoria="asteroide" raioMedUA="5.144" excentricidade="0.3094" perielioUA="3.552" afelioUA="6.74" inclinacao="10.06" longitudeNoAscendente="309.28" argumentoPerielio="240.90" anomaliaMedia="3.17" periodoOrbitalD="4260"/>
   <asteroide id="a2010.lo18" nome="2010 LO18" designacao="2010 LO18" anoDescobrimento="2010" categoria="asteroide" raioMedUA="5.015" excentricidade="0.3885" perielioUA="3.067" afelioUA="6.96" inclinacao="5.45" longitudeNoAscendente="130.48" argumentoPerielio="211.12" anomaliaMedia="352.20" periodoOrbitalD="4100"/>
   <asteroide id="a2010.lo89" nome="2010 LO89" designacao="2010 LO89" anoDescobrimento="2010" categoria="asteroide" raioMedUA="5.129" excentricidade="0.3125" perielioUA="3.526" afelioUA="6.73" inclinacao="19.00" longitudeNoAscendente="76.61" argumentoPerielio="108.34" anomaliaMedia="4.10" periodoOrbitalD="4240"/>
   <asteroide id="a2010.lq132" nome="2010 LQ132" designacao="2010 LQ132" anoDescobrimento="2010" categoria="asteroide" raioMedUA="5.166" excentricidade="0.3156" perielioUA="3.536" afelioUA="6.80" inclinacao="13.59" longitudeNoAscendente="59.13" argumentoPerielio="130.22" anomaliaMedia="3.51" periodoOrbitalD="4290"/>
   <asteroide id="a2010.lq87" nome="2010 LQ87" designacao="2010 LQ87" anoDescobrimento="2010" categoria="asteroide" raioMedUA="5.178" excentricidade="0.3200" perielioUA="3.521" afelioUA="6.84" inclinacao="12.48" longitudeNoAscendente="263.66" argumentoPerielio="281.37" anomaliaMedia="2.48" periodoOrbitalD="4300"/>
   <asteroide id="a2010.lq97" nome="2010 LQ97" designacao="2010 LQ97" anoDescobrimento="2010" categoria="asteroide" raioMedUA="5.13" excentricidade="0.3129" perielioUA="3.525" afelioUA="6.74" inclinacao="18.06" longitudeNoAscendente="290.93" argumentoPerielio="257.66" anomaliaMedia="3.54" periodoOrbitalD="4240"/>
   <asteroide id="a2010.lu118" nome="2010 LU118" designacao="2010 LU118" anoDescobrimento="2010" categoria="asteroide" raioMedUA="5.13" excentricidade="0.3112" perielioUA="3.533" afelioUA="6.73" inclinacao="9.95" longitudeNoAscendente="100.34" argumentoPerielio="87.86" anomaliaMedia="3.77" periodoOrbitalD="4240"/>
   <asteroide id="a2010.lv121" nome="2010 LV121" designacao="2010 LV121" anoDescobrimento="2010" categoria="asteroide" raioMedUA="4.92" excentricidade="0.4464" perielioUA="2.724" afelioUA="7.12" inclinacao="20.19" longitudeNoAscendente="186.89" argumentoPerielio="187.95" anomaliaMedia="5.74" periodoOrbitalD="3990"/>
   <asteroide id="a2010.mb51" nome="2010 MB51" designacao="2010 MB51" anoDescobrimento="2010" categoria="asteroide" raioMedUA="5.041" excentricidade="0.3046" perielioUA="3.505" afelioUA="6.58" inclinacao="10.26" longitudeNoAscendente="267.38" argumentoPerielio="287.59" anomaliaMedia="3.29" periodoOrbitalD="4130"/>
   <asteroide id="a2010.mb67" nome="2010 MB67" designacao="2010 MB67" anoDescobrimento="2010" categoria="asteroide" raioMedUA="5.21" excentricidade="0.3016" perielioUA="3.638" afelioUA="6.78" inclinacao="5.10" longitudeNoAscendente="308.25" argumentoPerielio="108.35" anomaliaMedia="321.35" periodoOrbitalD="4340"/>
   <asteroide id="a2010.md67" nome="2010 MD67" designacao="2010 MD67" anoDescobrimento="2010" categoria="asteroide" raioMedUA="4.941" excentricidade="0.3025" perielioUA="3.447" afelioUA="6.44" inclinacao="6.11" longitudeNoAscendente="144.58" argumentoPerielio="211.25" anomaliaMedia="354.53" periodoOrbitalD="4010"/>
   <asteroide id="a2010.md86" nome="2010 MD86" designacao="2010 MD86" anoDescobrimento="2010" categoria="asteroide" raioMedUA="4.928" excentricidade="0.3020" perielioUA="3.440" afelioUA="6.42" inclinacao="25.74" longitudeNoAscendente="162.12" argumentoPerielio="190.52" anomaliaMedia="357.58" periodoOrbitalD="4000"/>
   <asteroide id="a2010.md92" nome="2010 MD92" designacao="2010 MD92" anoDescobrimento="2010" categoria="asteroide" raioMedUA="4.923" excentricidade="0.3009" perielioUA="3.441" afelioUA="6.40" inclinacao="16.09" longitudeNoAscendente="260.29" argumentoPerielio="97.44" anomaliaMedia="354.49" periodoOrbitalD="3990"/>
   <asteroide id="a2010.mg102" nome="2010 MG102" designacao="2010 MG102" anoDescobrimento="2010" categoria="asteroide" raioMedUA="4.917" excentricidade="0.3013" perielioUA="3.435" afelioUA="6.40" inclinacao="11.01" longitudeNoAscendente="100.89" argumentoPerielio="259.29" anomaliaMedia="353.99" periodoOrbitalD="3980"/>
   <asteroide id="a2010.mk59" nome="2010 MK59" designacao="2010 MK59" anoDescobrimento="2010" categoria="asteroide" raioMedUA="5.048" excentricidade="0.3056" perielioUA="3.506" afelioUA="6.59" inclinacao="16.98" longitudeNoAscendente="247.68" argumentoPerielio="307.81" anomaliaMedia="2.92" periodoOrbitalD="4140"/>
   <asteroide id="a2010.mm38" nome="2010 MM38" designacao="2010 MM38" anoDescobrimento="2010" categoria="asteroide" raioMedUA="5.241" excentricidade="0.3041" perielioUA="3.647" afelioUA="6.84" inclinacao="11.98" longitudeNoAscendente="357.37" argumentoPerielio="350.12" anomaliaMedia="357.82" periodoOrbitalD="4380"/>
   <asteroide id="a2010.mp35" nome="2010 MP35" designacao="2010 MP35" anoDescobrimento="2010" categoria="asteroide" raioMedUA="5.239" excentricidade="0.3038" perielioUA="3.647" afelioUA="6.83" inclinacao="9.75" longitudeNoAscendente="72.77" argumentoPerielio="275.75" anomaliaMedia="357.05" periodoOrbitalD="4380"/>
   <asteroide id="a2010.mp7" nome="2010 MP7" designacao="2010 MP7" anoDescobrimento="2010" categoria="asteroide" raioMedUA="5.062" excentricidade="0.3171" perielioUA="3.457" afelioUA="6.67" inclinacao="12.12" longitudeNoAscendente="39.86" argumentoPerielio="305.56" anomaliaMedia="355.81" periodoOrbitalD="4160"/>
   <asteroide id="a2010.mp97" nome="2010 MP97" designacao="2010 MP97" anoDescobrimento="2010" categoria="asteroide" raioMedUA="4.935" excentricidade="0.3028" perielioUA="3.441" afelioUA="6.43" inclinacao="19.14" longitudeNoAscendente="28.21" argumentoPerielio="325.54" anomaliaMedia="356.16" periodoOrbitalD="4000"/>
   <asteroide id="a2010.mu32" nome="2010 MU32" designacao="2010 MU32" anoDescobrimento="2010" categoria="asteroide" raioMedUA="5.051" excentricidade="0.3063" perielioUA="3.504" afelioUA="6.60" inclinacao="7.18" longitudeNoAscendente="302.50" argumentoPerielio="250.29" anomaliaMedia="3.25" periodoOrbitalD="4150"/>
   <asteroide id="a2010.mv110" nome="2010 MV110" designacao="2010 MV110" anoDescobrimento="2010" categoria="asteroide" raioMedUA="5.136" excentricidade="0.3154" perielioUA="3.516" afelioUA="6.76" inclinacao="16.14" longitudeNoAscendente="65.37" argumentoPerielio="136.75" anomaliaMedia="2.28" periodoOrbitalD="4250"/>
   <asteroide id="a2010.na87" nome="2010 NA87" designacao="2010 NA87" anoDescobrimento="2010" categoria="asteroide" raioMedUA="5.053" excentricidade="0.3190" perielioUA="3.441" afelioUA="6.66" inclinacao="27.88" longitudeNoAscendente="351.92" argumentoPerielio="3.85" anomaliaMedia="357.64" periodoOrbitalD="4150"/>
   <asteroide id="a2010.nc79" nome="2010 NC79" designacao="2010 NC79" anoDescobrimento="2010" categoria="asteroide" raioMedUA="4.993" excentricidade="0.3061" perielioUA="3.464" afelioUA="6.52" inclinacao="15.11" longitudeNoAscendente="101.36" argumentoPerielio="272.44" anomaliaMedia="354.82" periodoOrbitalD="4070"/>
   <asteroide id="a2010.nd18" nome="2010 ND18" designacao="2010 ND18" anoDescobrimento="2010" categoria="asteroide" raioMedUA="5.074" excentricidade="0.3054" perielioUA="3.524" afelioUA="6.62" inclinacao="11.37" longitudeNoAscendente="154.18" argumentoPerielio="55.78" anomaliaMedia="3.26" periodoOrbitalD="4170"/>
   <asteroide id="a2010.nf23" nome="2010 NF23" designacao="2010 NF23" anoDescobrimento="2010" categoria="asteroide" raioMedUA="5.128" excentricidade="0.3131" perielioUA="3.522" afelioUA="6.73" inclinacao="11.45" longitudeNoAscendente="41.16" argumentoPerielio="168.63" anomaliaMedia="3.03" periodoOrbitalD="4240"/>
   <asteroide id="a2010.nk47" nome="2010 NK47" designacao="2010 NK47" anoDescobrimento="2010" categoria="asteroide" raioMedUA="5.176" excentricidade="0.3181" perielioUA="3.529" afelioUA="6.82" inclinacao="15.40" longitudeNoAscendente="331.62" argumentoPerielio="242.38" anomaliaMedia="2.86" periodoOrbitalD="4300"/>
   <asteroide id="a2010.nn105" nome="2010 NN105" designacao="2010 NN105" anoDescobrimento="2010" categoria="asteroide" raioMedUA="5.079" excentricidade="0.3034" perielioUA="3.538" afelioUA="6.62" inclinacao="16.80" longitudeNoAscendente="65.31" argumentoPerielio="151.14" anomaliaMedia="2.10" periodoOrbitalD="4180"/>
   <asteroide id="a2010.nt97" nome="2010 NT97" designacao="2010 NT97" anoDescobrimento="2010" categoria="asteroide" raioMedUA="5.035" excentricidade="0.3137" perielioUA="3.456" afelioUA="6.61" inclinacao="28.25" longitudeNoAscendente="85.39" argumentoPerielio="280.92" anomaliaMedia="355.71" periodoOrbitalD="4130"/>
   <asteroide id="a2010.nv48" nome="2010 NV48" designacao="2010 NV48" anoDescobrimento="2010" categoria="asteroide" raioMedUA="5.072" excentricidade="0.3044" perielioUA="3.528" afelioUA="6.62" inclinacao="14.37" longitudeNoAscendente="108.83" argumentoPerielio="103.14" anomaliaMedia="3.36" periodoOrbitalD="4170"/>
   <asteroide id="a2010.ob26" nome="2010 OB26" designacao="2010 OB26" anoDescobrimento="2010" categoria="asteroide" raioMedUA="4.955" excentricidade="0.3032" perielioUA="3.453" afelioUA="6.46" inclinacao="22.37" longitudeNoAscendente="131.74" argumentoPerielio="246.84" anomaliaMedia="354.62" periodoOrbitalD="4030"/>
   <asteroide id="a2010.op67" nome="2010 OP67" designacao="2010 OP67" anoDescobrimento="2010" categoria="asteroide" raioMedUA="5.018" excentricidade="0.3149" perielioUA="3.438" afelioUA="6.60" inclinacao="10.37" longitudeNoAscendente="108.25" argumentoPerielio="276.06" anomaliaMedia="355.37" periodoOrbitalD="4110"/>
   <asteroide id="a2010.or25" nome="2010 OR25" designacao="2010 OR25" anoDescobrimento="2010" categoria="asteroide" raioMedUA="4.957" excentricidade="0.3040" perielioUA="3.450" afelioUA="6.46" inclinacao="6.92" longitudeNoAscendente="133.07" argumentoPerielio="244.98" anomaliaMedia="354.39" periodoOrbitalD="4030"/>
   <asteroide id="a2010.or42" nome="2010 OR42" designacao="2010 OR42" anoDescobrimento="2010" categoria="asteroide" raioMedUA="5.152" excentricidade="0.3193" perielioUA="3.507" afelioUA="6.80" inclinacao="12.59" longitudeNoAscendente="187.52" argumentoPerielio="36.00" anomaliaMedia="1.96" periodoOrbitalD="4270"/>
   <asteroide id="a2010.ox44" nome="2010 OX44" designacao="2010 OX44" anoDescobrimento="2010" categoria="asteroide" raioMedUA="4.957" excentricidade="0.3007" perielioUA="3.466" afelioUA="6.45" inclinacao="10.15" longitudeNoAscendente="293.94" argumentoPerielio="223.43" anomaliaMedia="38.76" periodoOrbitalD="4030"/>
   <asteroide id="a2010.oy41" nome="2010 OY41" designacao="2010 OY41" anoDescobrimento="2010" categoria="asteroide" raioMedUA="5.207" excentricidade="0.3122" perielioUA="3.581" afelioUA="6.83" inclinacao="25.05" longitudeNoAscendente="174.98" argumentoPerielio="354.49" anomaliaMedia="32.14" periodoOrbitalD="4340"/>
   <asteroide id="a2010.oy87" nome="2010 OY87" designacao="2010 OY87" anoDescobrimento="2010" categoria="asteroide" raioMedUA="5.038" excentricidade="0.3168" perielioUA="3.442" afelioUA="6.63" inclinacao="6.78" longitudeNoAscendente="269.71" argumentoPerielio="116.94" anomaliaMedia="355.24" periodoOrbitalD="4130"/>
   <asteroide id="a2010.oz125" nome="2010 OZ125" designacao="2010 OZ125" anoDescobrimento="2010" categoria="asteroide" raioMedUA="5.088" excentricidade="0.3122" perielioUA="3.499" afelioUA="6.68" inclinacao="7.19" longitudeNoAscendente="117.21" argumentoPerielio="53.54" anomaliaMedia="36.69" periodoOrbitalD="4190"/>
   <asteroide id="a2010.pp39" nome="2010 PP39" designacao="2010 PP39" anoDescobrimento="2010" categoria="asteroide" raioMedUA="5.1" excentricidade="0.3083" perielioUA="3.528" afelioUA="6.67" inclinacao="14.79" longitudeNoAscendente="203.39" argumentoPerielio="38.30" anomaliaMedia="1.45" periodoOrbitalD="4210"/>
</asteroides>