<?xml version="1.0" encoding="UTF-8"?>
<trans-netunianos>
    <objeto id="tno2002.lm60" nome="Quaoar" diametrokm="890" perielioUA="41.9" afelioUA="45.3"
        periodoOrbitalD="105181" anoDescobrimento="2002"
        descobertoPor="Chadwick Trujillo, Michael Brown">
        <satelite id="s50000.1" nome="Weywot" diametrokm="74" raioMedOrbitakm="14500"
            anoDescobrimento="2007" descobertoPor="Michael Brown"/>
    </objeto>
    <objeto id="tno2003.vb12" nome="Sedna" diametrokm="1400" perielioUA="76.3" afelioUA="960.78"
        periodoOrbitalD="4313319" anoDescobrimento="2003"
        descobertoPor="Michael Brown, Chadwick Trujillo, David Rabinowitz"/>
    <objeto id="tno2007.or10" nome="225088" diametrokm="1100" perielioUA="33.62" afelioUA="101"
        periodoOrbitalD="202360" anoDescobrimento="2007"
        descobertoPor="Michael Brown, David Rabinowitz, M. Schwamb"/>
    <objeto id="tno2004.dw" nome="Orcus" diametrokm="850" perielioUA="30.32" afelioUA="48.1"
        periodoOrbitalD="89606" anoDescobrimento="2004"
        descobertoPor="Michael Brown, David Rabinowitz, M. Schwamb">
        <satelite id="s90482.1" nome="Vanth" diametrokm="330" raioMedOrbitakm="8980"
            anoDescobrimento="2005" descobertoPor="Michael Brown"/>
    </objeto>
    <objeto id="tno1992.qb1" nome="1992 QB1" diametrokm="160" perielioUA="40.9" afelioUA="46.6"
        periodoOrbitalD="195639" anoDescobrimento="1992" descobertoPor="David Jewitt, Jane Luu"/>
    <objeto id="tno1996.tl66" nome="1996 TL66" diametrokm="575" perielioUA="19.9" afelioUA="35"
        periodoOrbitalD="280921" anoDescobrimento="1996"
        descobertoPor="David Lewitt, Jane Luu, Jun Chen, Chadwick Trujillo"/>
    <objeto id="tno2000.wr106" nome="Varuna" diametrokm="1003" perielioUA="40.9" afelioUA="45.3"
        periodoOrbitalD="103440" anoDescobrimento="2000" descobertoPor="R. McMillan"/>
    <objeto id="tno1998.wh24" nome="Caos" diametrokm="460" perielioUA="40.9" afelioUA="50.2"
        periodoOrbitalD="112898" anoDescobrimento="1998" descobertoPor="Deep Ecliptic Survey"/>
    <objeto id="tno1997.cq29" nome="Logos" diametrokm="80" perielioUA="39.9" afelioUA="50.8"
        periodoOrbitalD="111694" anoDescobrimento="1997"
        descobertoPor="Chadwick Trujillo, J. Chen, David Jewitt, Jane Luu">
        <satelite id="s58534.1" nome="Zoe" diametrokm="66" raioMedOrbitakm="8010"
            anoDescobrimento="2002" descobertoPor="K.S. Noll et al."/>
    </objeto>
    <objeto id="tno1999.hu11" nome="Deucaliao" diametrokm="211" perielioUA="41.6"
        afelioUA="47.2" periodoOrbitalD="107945" anoDescobrimento="1999"
        descobertoPor="Deep Ecliptic Survey"/>
    <objeto id="tno1999.rz235" nome="Borasisi" diametrokm="166" perielioUA="40" afelioUA="48.2"
        periodoOrbitalD="106871" anoDescobrimento="1999"
        descobertoPor="Chadwick Trujillo, Jane Luu, David Jewitt">
        <satelite id="s66652.1" nome="Pabu" diametrokm="137" raioMedOrbitakm="4660"
            anoDescobrimento="2003" descobertoPor="N. Koll et al"/>
    </objeto>
    <objeto id="tno2001.qt297" nome="Teharonhiawako" diametrokm="176" perielioUA="42.9"
        afelioUA="45.3" periodoOrbitalD="106289" anoDescobrimento="2001"
        descobertoPor="Deep Ecliptic Survey">
        <satelite id="s88611.1" nome="Sawiskera" diametrokm="122" raioMedOrbitakm="-1"
            anoDescobrimento="2001" descobertoPor="Deep Ecliptic Survey"/>
    </objeto>
    <objeto id="tno1997.cu29" nome="1997 CU29" diametrokm="211" perielioUA="41.7"
        afelioUA="45.1" periodoOrbitalD="104524" anoDescobrimento="1997"
        descobertoPor="David Jewitt, Jane Luu, Chadwick Trujillo, Jun Chen"/>
    <objeto id="tno2002.tx300" nome="55636" diametrokm="300" perielioUA="37.8" afelioUA="48.5"
        periodoOrbitalD="103492" anoDescobrimento="2002" descobertoPor="NEAT"/>
    <objeto id="tno2002.aw197" nome="55565" diametrokm="734" perielioUA="41.1" afelioUA="53.5"
        periodoOrbitalD="118761" anoDescobrimento="2002" descobertoPor="Michael Brown et al."/>
    <objeto id="tno2002.ux25" nome="55637" diametrokm="681" perielioUA="36.8" afelioUA="48.9"
        periodoOrbitalD="102522" anoDescobrimento="2002" descobertoPor="Spacewatch">
        <satelite id="s55637.1" nome="s2007" diametrokm="205" raioMedOrbitakm="-1"
            anoDescobrimento="2007" descobertoPor="IAU"/>
    </objeto>
    <objeto id="tno2001.kx76" nome="Íxion" diametrokm="650" perielioUA="30.1" afelioUA="49.3"
        periodoOrbitalD="91285" anoDescobrimento="2001" descobertoPor="Deep Ecliptic Survey"/>
    <objeto id="tno2002.ms4" nome="2002 MS4" diametrokm="726" perielioUA="36" afelioUA="47.9"
        periodoOrbitalD="99165" anoDescobrimento="2002"
        descobertoPor="Chadwick Trujillo, Michael Brown"/>
    <objeto id="tno2003.az84" nome="208996" diametrokm="910" perielioUA="32.3" afelioUA="46.6"
        periodoOrbitalD="90441" anoDescobrimento="2003"
        descobertoPor="Chadwick Trujillo, Michael Brown, et al">
        <satelite id="s208996.1" nome="s2007" diametrokm="68" raioMedOrbitakm="-1"
            anoDescobrimento="2007" descobertoPor="IAU"/>
    </objeto>
    <objeto id="tno2003.fx128" nome="Ceto" diametrokm="174" perielioUA="17.8" afelioUA="181.9"
        periodoOrbitalD="364519" anoDescobrimento="2003"
        descobertoPor="Michael Brown, Chadwick Trujillo">
        <satelite id="s65489.1" nome="Forsis" diametrokm="132" raioMedOrbitakm="-1"
            anoDescobrimento="2006" descobertoPor="K. Noll et al"/>
    </objeto>
    
    <!-- no year code -->
    <objeto id="tno1999.hx11" nome="Radamanto" diametrokm="181" perielioUA="33.2" afelioUA="45.1"
        periodoOrbitalD="89490" anoDescobrimento="1999" descobertoPor="Deep Ecliptic Survey"/>
    
    <objeto id="tno2000.eb173" nome="Huya" diametrokm="532" perielioUA="28.5" afelioUA="50.4"
        periodoOrbitalD="90477" anoDescobrimento="2000" descobertoPor="Ignacio Ferrin"/>
    <objeto id="tno1998.ww31" nome="1998 WW31" diametrokm="133" perielioUA="40.6"
        afelioUA="48.4" periodoOrbitalD="108386" anoDescobrimento="1998"
        descobertoPor="Deep Ecliptic Survey">
        <satelite id="s208996.1" nome="s2000" diametrokm="110" raioMedOrbitakm="22300"
            anoDescobrimento="2002" descobertoPor="Christian Veillet, Alain Doressoundiram"/>
    </objeto>
    <objeto id="tno2002.tc302" nome="84522" diametrokm="1146" perielioUA="39.1" afelioUA="71.4"
        periodoOrbitalD="149980" anoDescobrimento="2002"
        descobertoPor="Michael Brown, Chadwick Trujillo, David Rabinowitz"/>
    <objeto id="tno2002.ve95" nome="55638" diametrokm="383" perielioUA="30.3" afelioUA="48"
        periodoOrbitalD="90476" anoDescobrimento="2002" descobertoPor="NEAT"/>
    <objeto id="tno1999.tc36" nome="47171" diametrokm="414" perielioUA="30.6" afelioUA="48"
        periodoOrbitalD="89838" anoDescobrimento="1999"
        descobertoPor="E. Rubenstein,L. Strolger"/>
    <objeto id="tno2001.qf298" nome="2001 QF298" diametrokm="505" perielioUA="34.9"
        afelioUA="43.8" periodoOrbitalD="90083" anoDescobrimento="2001"
        descobertoPor="Marc Buie"/>
    <objeto id="tno2002.xv93" nome="2002 XV93" diametrokm="457" perielioUA="34.5"
        afelioUA="44.2" periodoOrbitalD="90096" anoDescobrimento="2002"
        descobertoPor="Marc Buie"/>
    <objeto id="tno2003.uz413" nome="2003 UZ413" diametrokm="591" perielioUA="30.4"
        afelioUA="48" periodoOrbitalD="89657" anoDescobrimento="2003"
        descobertoPor="Michael Brown, Chadwick Trujillo, David Rabinowitz"/>
    <objeto id="tno1996.to66" nome="19308" diametrokm="200" perielioUA="38" afelioUA="48.5"
        periodoOrbitalD="103752" anoDescobrimento="1996"
        descobertoPor="Chadwick A. Trujillo, David Jewitt, Jane Luu"/>
    <objeto id="tno2005.uq513" nome="202421" diametrokm="513" perielioUA="37" afelioUA="49.6"
        periodoOrbitalD="104140" anoDescobrimento="2005"
        descobertoPor="Michael Brown, Chadwick Trujillo, David Rabinowitz"/>
    <objeto id="tno2005.qu182" nome="2002 QU182" diametrokm="801" perielioUA="36.9"
        afelioUA="190.3" periodoOrbitalD="441952" anoDescobrimento="2005"
        descobertoPor="Michael Brown, Chadwick Trujillo, David Rabinowitz"/>
    <objeto id="tno2007.uk126" nome="229762" diametrokm="919" perielioUA="37.6" afelioUA="109.9"
        periodoOrbitalD="231305" anoDescobrimento="2007"
        descobertoPor="M. Schwamb, Michael Brown, David Rabinowitz"/>
    <objeto id="tno2003.mw12" nome="174567" diametrokm="838" perielioUA="39.6" afelioUA="52.3"
        periodoOrbitalD="113779" anoDescobrimento="2003" descobertoPor="J. A. Larsen"/>
    <objeto id="tno2006.qh181" nome="2006 QH181" diametrokm="765" perielioUA="37.6"
        afelioUA="97" periodoOrbitalD="201723" anoDescobrimento="2006" descobertoPor="Unknown"/>
    <objeto id="tno2004.xr190" nome="2004 XR190" diametrokm="530" perielioUA="51.41"
        afelioUA="63.54" periodoOrbitalD="159169" anoDescobrimento="2004"
        descobertoPor="Lynne Jones, Brett Gladman, John John Kavelaars, Jean-Marc Petit, Joel Parker, Phil Nicholson"/>
    <objeto id="tno2005.rn43" nome="145452" diametrokm="730" perielioUA="40.6" afelioUA="42.5"
        periodoOrbitalD="97760" anoDescobrimento="2005"
        descobertoPor="A. Becker, A. Puckett, J. Kubica"/>
    <objeto id="tno2003.vs2" nome="84922" diametrokm="725" perielioUA="36.4" afelioUA="42.1"
        periodoOrbitalD="89870" anoDescobrimento="2003" descobertoPor="NEAT"/>
    <objeto id="tno2004.gv9" nome="90568" diametrokm="677" perielioUA="38.7" afelioUA="45.7"
        periodoOrbitalD="100261" anoDescobrimento="2004" descobertoPor="NEAT"/>
    <objeto id="tno2001.ur163" nome="42301" diametrokm="636" perielioUA="36.8" afelioUA="66.1"
        periodoOrbitalD="134721" anoDescobrimento="2001" descobertoPor="Kitt Peak"/>
    <objeto id="tno2004.sb60" nome="120347" diametrokm="548" perielioUA="37.4" afelioUA="46.5"
        periodoOrbitalD="90312" anoDescobrimento="2004"
        descobertoPor="Henry Roe, Michael Brown, Kristina Barkume"/>
    <objeto id="tno2002.kx14" nome="119951" diametrokm="562" perielioUA="37.4" afelioUA="40.7"
        periodoOrbitalD="89041" anoDescobrimento="2002"
        descobertoPor="Michael Brown, Chadwick Trujillo"/>
    <objeto id="tno2004.nt33" nome="2004 NT33" diametrokm="554" perielioUA="37" afelioUA="50.5"
        periodoOrbitalD="105667" anoDescobrimento="2004" descobertoPor="Unknown"/>
    <objeto id="tno2004.ty364" nome="120348" diametrokm="554" perielioUA="36.2" afelioUA="41.3"
        periodoOrbitalD="89179" anoDescobrimento="2004"
        descobertoPor="Michael Brown, Chadwick Trujillo, David Rabinowitz"/>
    
    <!-- No year designation -->
    <objeto id="tno2002.cr46" nome="Tifão" diametrokm="134" perielioUA="17.5" afelioUA="58.8"
        periodoOrbitalD="84229" anoDescobrimento="2002" descobertoPor="NEAT">
        <satelite id="s42355.1" nome="Equidna" diametrokm="79" raioMedOrbitakm="1300"
            anoDescobrimento="2006" descobertoPor="K. Noll et al"/>
    </objeto>
    
    <objeto id="tno2000.cr105" categorias="E-SDO" nome="2000 CR105" diametrokm="253"
        massaKg="1.3e19" perielioUA="44.1" afelioUA="393.8" periodoOrbitalD="1183743"
        anoDescobrimento="2000" descobertoPor="Marc W. Buie"/>
    <objeto id="tno2004.vn112" categorias="E-SDO" nome="2004 VN112" diametrokm="215"
        perielioUA="47.32" afelioUA="605.1" periodoOrbitalD="2152053" anoDescobrimento="2004"
        descobertoPor="Unknown"/>
</trans-netunianos>
