<?xml version="1.0" encoding="UTF-8"?>
<planeta id="p5" nome="Júpiter" diametrokm="142984" raioMedUA="5.2" perielioUA="4.95"
    afelioUA="5.46" periodoOrbitalD="4331.6" periodoRotacaoSideralH="9.925" inclinacaoAxial="3.13"
    massaKg="1.899e27" categoria="gasoso" excentricidade="0.04839266" inclinacao="1.31"
    longitudeNoAscendente="100.49" argumentoPerielio="275.07" anomaliaMedia="18.818"
    massaGM="126720270" gravidadeEquatorial="23.12" densidade="1.33" volume="1.431e15">
    <imagem href="jupiter.jpg"/>
    <satelite id="p5.1" nome="Métis" diametrokm="40" raioMedOrbitakm="127690"
        anoDescobrimento="1979" descobertoPor="Voyager 1"/>
    <satelite id="p5.2" nome="Adrastéa" diametrokm="11" raioMedOrbitakm="128690"
        anoDescobrimento="1979" descobertoPor="Voyager 2"/>
    <satelite id="p5.3" nome="Amaltéa" diametrokm="110" raioMedOrbitakm="181366"
        anoDescobrimento="1892" descobertoPor="Edward Emerson Barnard"/>
    <satelite id="p5.4" nome="Tebas" diametrokm="50" raioMedOrbitakm="221889"
        anoDescobrimento="1979" descobertoPor="Voyager 1"/>
    <satelite id="p5.5" nome="Io" diametrokm="3630" raioMedOrbitakm="421700" massaKg="8.93e22"
        anoDescobrimento="1610" descobertoPor="Galileo Galilei" categoria="redondo"
        gravidadeEquatorial="1.796" densidade="3.528" volume="2.53e10" massaGM="5958.989"
        periodoOrbitalD="1.769138">
        <imagem href="io.jpg"/>
    </satelite>
    <satelite id="p5.6" nome="Europa" diametrokm="3122" raioMedOrbitakm="671034" massaKg="4.8e22"
        anoDescobrimento="1610" descobertoPor="Galileo Galilei" categoria="redondo"
        gravidadeEquatorial="1.314" densidade="3.01" volume="1.59e10" massaGM="3203.04"
        periodoOrbitalD="3.551181">
        <imagem href="europa.jpg"/>
    </satelite>
    <satelite id="p5.7" nome="Ganimede" diametrokm="5262" raioMedOrbitakm="1070412"
        massaKg="1.48e23" anoDescobrimento="1610" descobertoPor="Galileo Galilei"
        categoria="redondo" gravidadeEquatorial="1.428" densidade="1.936" volume="7.6e10"
        massaGM="9876.04" periodoOrbitalD="7.154553">
        <imagem href="ganymede.jpg"/>
    </satelite>
    <satelite id="p5.8" nome="Calisto" diametrokm="4820" raioMedOrbitakm="1882709" massaKg="1.08e23"
        anoDescobrimento="1610" descobertoPor="Galileo Galilei" categoria="redondo"
        gravidadeEquatorial="1.235" densidade="1.83" volume="5.9e10" massaGM="7206.84"
        periodoOrbitalD="16.68902">
        <imagem href="callisto.jpg"/>
    </satelite>
    <satelite id="p5.9" nome="Themisto" diametrokm="8" raioMedOrbitakm="7393216"
        anoDescobrimento="2000"
        descobertoPor="Charles Kowal, Elizabeth Roemer, Scott Sheppard et al"/>
    <satelite id="p5.10" nome="Leda" diametrokm="16" raioMedOrbitakm="11187781"
        anoDescobrimento="1974" descobertoPor="Charles Kowal"/>
    <satelite id="p5.11" nome="Himalia" diametrokm="170" raioMedOrbitakm="11451971"
        anoDescobrimento="1904" descobertoPor="Charles Perrine"/>
    <satelite id="p5.12" nome="Lysithea" diametrokm="36" raioMedOrbitakm="11740560"
        anoDescobrimento="1938" descobertoPor="Seth Barnes Nicholson"/>
    <satelite id="p5.13" nome="Elara" diametrokm="86" raioMedOrbitakm="11778034"
        anoDescobrimento="1905" descobertoPor="Charles Perrine"/>
    <satelite id="p5.14" nome="S/2000 J11" diametrokm="4" raioMedOrbitakm="12570424"
        anoDescobrimento="2000" descobertoPor="Scott Sheppard, David Jewitt, Jan Kleyna"/>
    <satelite id="p5.29" nome="Carpo" diametrokm="3" raioMedOrbitakm="17144873"
        anoDescobrimento="2003" descobertoPor="Scott Sheppard, David Jewitt, Jan Kleyna"/>
    <satelite id="p5.30" nome="S/2003 J12" diametrokm="1" raioMedOrbitakm="17739539"
        anoDescobrimento="2003" descobertoPor="Scott Sheppard, David Jewitt, Jan Kleyna"/>
    <satelite id="p5.31" nome="Euporie" diametrokm="2" raioMedOrbitakm="19088434"
        anoDescobrimento="2002" descobertoPor="Scott Sheppard, David Jewitt, Jan Kleyna"/>
    <satelite id="p5.64" nome="S/2003 J3" diametrokm="2" raioMedOrbitakm="19621780"
        anoDescobrimento="2003" descobertoPor="Scott Sheppard, David Jewitt, Jan Kleyna"/>
    <satelite id="p5.32" nome="S/2003 J18" diametrokm="2" raioMedOrbitakm="19812577"
        anoDescobrimento="2003" descobertoPor="Brett Gladman, John Kavelaars, et al."/>
    <satelite id="p5.33" nome="Thelxinoe" diametrokm="2" raioMedOrbitakm="20453753"
        anoDescobrimento="2003" descobertoPor="Scott Sheppard, David Jewitt, Jan Kleyna"/>
    <satelite id="p5.34" nome="Euanthe" diametrokm="3" raioMedOrbitakm="20464854"
        anoDescobrimento="2002" descobertoPor="Scott Sheppard, David Jewitt, Jan Kleyna"/>
    <satelite id="p5.15" nome="Helike" diametrokm="4" raioMedOrbitakm="20540266"
        anoDescobrimento="2002" descobertoPor="Scott Sheppard, David Jewitt, Jan Kleyna"/>
    <satelite id="p5.35" nome="Orthosie" diametrokm="2" raioMedOrbitakm="20567971"
        anoDescobrimento="2002" descobertoPor="Scott Sheppard, David Jewitt, Jan Kleyna"/>
    <satelite id="p5.36" nome="Jocasta" diametrokm="5" raioMedOrbitakm="20722566"
        anoDescobrimento="2001" descobertoPor="Scott Sheppard, David Jewitt, Jan Kleyna"/>
    <satelite id="p5.37" nome="S/2003 J16" diametrokm="2" raioMedOrbitakm="20743779"
        anoDescobrimento="2003" descobertoPor="Brett Gladman, John Kavelaars, et al."/>
    <satelite id="p5.16" nome="Praxidike" diametrokm="7" raioMedOrbitakm="20823948"
        anoDescobrimento="2001" descobertoPor="Scott Sheppard, David Jewitt, Jan Kleyna"/>
    <satelite id="p5.17" nome="Harpalyke" diametrokm="4" raioMedOrbitakm="21063814"
        anoDescobrimento="2001" descobertoPor="Scott Sheppard, David Jewitt, Jan Kleyna"/>
    <satelite id="p5.38" nome="Mneme" diametrokm="2" raioMedOrbitakm="21129786"
        anoDescobrimento="2003" descobertoPor="Brett Gladman, John Kavelaars, et al."/>
    <satelite id="p5.18" nome="Hermippe" diametrokm="4" raioMedOrbitakm="21182086"
        anoDescobrimento="2002" descobertoPor="Scott Sheppard, David Jewitt, Jan Kleyna"/>
    <satelite id="p5.39" nome="Thyone" diametrokm="4" raioMedOrbitakm="21405570"
        anoDescobrimento="2002" descobertoPor="Scott Sheppard, David Jewitt, Jan Kleyna"/>
    <satelite id="p5.19" nome="Ananke" diametrokm="28" raioMedOrbitakm="21454952"
        anoDescobrimento="1951" descobertoPor="Seth Barnes Nicholson"/>
    <satelite id="p5.40" nome="Herse" diametrokm="2" raioMedOrbitakm="22134306"
        anoDescobrimento="2003" descobertoPor="Brett Gladman, John Kavelaars, et al."/>
    <satelite id="p5.41" nome="Aitne" diametrokm="3" raioMedOrbitakm="22285161"
        anoDescobrimento="2002" descobertoPor="Scott Sheppard, David Jewitt, Jan Kleyna"/>
    <satelite id="p5.42" nome="Kale" diametrokm="2" raioMedOrbitakm="22409207"
        anoDescobrimento="2002" descobertoPor="Scott Sheppard, David Jewitt, Jan Kleyna"/>
    <satelite id="p5.43" nome="Taygete" diametrokm="5" raioMedOrbitakm="22438648"
        anoDescobrimento="2001" descobertoPor="Scott Sheppard, David Jewitt, Jan Kleyna"/>
    <satelite id="p5.44" nome="S/2003 J19" diametrokm="2" raioMedOrbitakm="22709061"
        anoDescobrimento="2003" descobertoPor="Brett Gladman, John Kavelaars, et al."/>
    <satelite id="p5.45" nome="Chaldene" diametrokm="3" raioMedOrbitakm="22713444"
        anoDescobrimento="2001" descobertoPor="Scott Sheppard, David Jewitt, Jan Kleyna"/>
    <satelite id="p5.46" nome="S/2003 J15" diametrokm="3" raioMedOrbitakm="22720999"
        anoDescobrimento="2003" descobertoPor="Scott Sheppard, David Jewitt, Jan Kleyna"/>
    <satelite id="p5.47" nome="S/2003 J10" diametrokm="3" raioMedOrbitakm="22730813"
        anoDescobrimento="2003" descobertoPor="Scott Sheppard, David Jewitt, Jan Kleyna"/>
    <satelite id="p5.48" nome="S/2003 J23" diametrokm="3" raioMedOrbitakm="22739654"
        anoDescobrimento="2004" descobertoPor="Scott Sheppard, David Jewitt, Jan Kleyna"/>
    <satelite id="p5.21" nome="Erinome" diametrokm="3" raioMedOrbitakm="22986266"
        anoDescobrimento="2001" descobertoPor="Scott Sheppard, David Jewitt, Jan Kleyna"/>
    <satelite id="p5.49" nome="Aoede" diametrokm="4" raioMedOrbitakm="23044175"
        anoDescobrimento="2003" descobertoPor="Scott Sheppard, David Jewitt, Jan Kleyna"/>
    <satelite id="p5.50" nome="Kallichore" diametrokm="2" raioMedOrbitakm="23111823"
        anoDescobrimento="2003" descobertoPor="Scott Sheppard, David Jewitt, Jan Kleyna"/>
    <satelite id="p5.51" nome="Kalyke" diametrokm="5" raioMedOrbitakm="23180773"
        anoDescobrimento="2001" descobertoPor="Scott Sheppard, David Jewitt, Jan Kleyna"/>
    <satelite id="p5.22" nome="Carme" diametrokm="46" raioMedOrbitakm="23197992"
        anoDescobrimento="1938" descobertoPor="Scott Sheppard, David Jewitt, Jan Kleyna"/>
    <satelite id="p5.51" nome="Callirrhoe" diametrokm="9" raioMedOrbitakm="23214986"
        anoDescobrimento="2000" descobertoPor="Brett Gladman, John Kavelaars, et al."/>
    <satelite id="p5.23" nome="Eurydome" diametrokm="3" raioMedOrbitakm="23230858"
        anoDescobrimento="2002" descobertoPor="Scott Sheppard, David Jewitt, Jan Kleyna"/>
    <satelite id="p5.53" nome="Pasithee" diametrokm="2" raioMedOrbitakm="23307318"
        anoDescobrimento="2002" descobertoPor="Scott Sheppard, David Jewitt, Jan Kleyna"/>
    <satelite id="p5.54" nome="Kore" diametrokm="2" raioMedOrbitakm="23345093"
        anoDescobrimento="2003" descobertoPor="Scott Sheppard, David Jewitt, Jan Kleyna"/>
    <satelite id="p5.55" nome="Cyllene" diametrokm="2" raioMedOrbitakm="23396269"
        anoDescobrimento="2003" descobertoPor="Scott Sheppard, David Jewitt, Jan Kleyna"/>
    <satelite id="p5.56" nome="Eukelade" diametrokm="4" raioMedOrbitakm="23483694"
        anoDescobrimento="2003" descobertoPor="Scott Sheppard, David Jewitt, Jan Kleyna"/>
    <satelite id="p5.57" nome="S/2003 J4" diametrokm="2" raioMedOrbitakm="23570790"
        anoDescobrimento="2003" descobertoPor="Scott Sheppard, David Jewitt, Jan Kleyna"/>
    <satelite id="p5.24" nome="Pasiphae" diametrokm="60" raioMedOrbitakm="23609042"
        anoDescobrimento="1908" descobertoPor="Brett Gladman, John Kavelaars, et al."/>
    <satelite id="p5.58" nome="Hegemone" diametrokm="3" raioMedOrbitakm="23702511"
        anoDescobrimento="2003" descobertoPor="Scott Sheppard, David Jewitt, Jan Kleyna"/>
    <satelite id="p5.59" nome="Arche" diametrokm="3" raioMedOrbitakm="23717051"
        anoDescobrimento="2002" descobertoPor="Scott Sheppard, David Jewitt, Jan Kleyna"/>
    <satelite id="p5.60" nome="Isonoe" diametrokm="4" raioMedOrbitakm="23800647"
        anoDescobrimento="2001" descobertoPor="Scott Sheppard, David Jewitt, Jan Kleyna"/>
    <satelite id="p5.61" nome="S/2003 J9" diametrokm="1" raioMedOrbitakm="23857808"
        anoDescobrimento="2003" descobertoPor="Scott Sheppard, David Jewitt, Jan Kleyna"/>
    <satelite id="p5.25" nome="S/2003 J5" diametrokm="4" raioMedOrbitakm="23973926"
        anoDescobrimento="2003" descobertoPor="Scott Sheppard, David Jewitt, Jan Kleyna"/>
    <satelite id="p5.26" nome="Sinope" diametrokm="38" raioMedOrbitakm="24057865"
        anoDescobrimento="1914" descobertoPor="Seth Barnes Nicholson"/>
    <satelite id="p5.62" nome="Sponde" diametrokm="2" raioMedOrbitakm="24252627"
        anoDescobrimento="2002" descobertoPor="Scott Sheppard, David Jewitt, Jan Kleyna"/>
    <satelite id="p5.63" nome="Autonoe" diametrokm="4" raioMedOrbitakm="24264445"
        anoDescobrimento="2002" descobertoPor="Scott Sheppard, David Jewitt, Jan Kleyna"/>
    <satelite id="p5.27" nome="Megaclite" diametrokm="5" raioMedOrbitakm="24687239"
        anoDescobrimento="2001" descobertoPor="Scott Sheppard, David Jewitt, Jan Kleyna"/>
    <satelite id="p5.28" nome="S/2003 J2" diametrokm="2" raioMedOrbitakm="30290846"
        anoDescobrimento="2003" descobertoPor="Scott Sheppard, David Jewitt, Jan Kleyna"/>
</planeta>
