<?xml version="1.0" encoding="UTF-8"?>
<planeta id="p6" nome="Saturno" diametrokm="120536" raioMedUA="9.54" perielioUA="9.05"
    afelioUA="10.12" periodoOrbitalD="10759" periodoRotacaoSideralH="10.57" inclinacaoAxial="26.73"
    massaKg="5.685e26" excentricidade="0.055723219" inclinacao="2.485" categoria="gasoso"
    longitudeNoAscendente="113.643" argumentoPerielio="336.014" anomaliaMedia="320.347"
    massaGM="37936005" gravidadeEquatorial="10.44" densidade="0.687" volume="8.2713e14">
    <imagem href="saturn.jpg"/>
    <satelite id="p6.1" nome="Pan" diametrokm="28.4" raioMedOrbitakm="133584"
        anoDescobrimento="1990" descobertoPor="Mark Showalter"/>
    <satelite id="p6.19" nome="Dafne" diametrokm="7.8" raioMedOrbitakm="136505"
        anoDescobrimento="2005" descobertoPor="Cassini-Huygens"/>
    <satelite id="p6.2" nome="Atlas" diametrokm="36" raioMedOrbitakm="137670"
        anoDescobrimento="1980" descobertoPor="Voyager 2"/>
    <satelite id="p6.3" nome="Prometeu" diametrokm="120" raioMedOrbitakm="139380"
        anoDescobrimento="1980" descobertoPor="Voyager 2"/>
    <satelite id="p6.4" nome="Pandora" diametrokm="100" raioMedOrbitakm="141720"
        anoDescobrimento="1980" descobertoPor="Voyager 2"/>
    <satelite id="p6.5" nome="Epimeteu" diametrokm="120" raioMedOrbitakm="151422"
        anoDescobrimento="1966" descobertoPor="J. Fountain, S. Larson"/>
    <satelite id="p6.6" nome="Janus" diametrokm="190" raioMedOrbitakm="151472"
        anoDescobrimento="1966" descobertoPor="Audouin Dollfus"/>
    <satelite id="p6.20" nome="Egeu" diametrokm="0.5" raioMedOrbitakm="167500"
        anoDescobrimento="2008" descobertoPor="Cassini-Huygens"/>
    <satelite id="p6.7" nome="Mimas" diametrokm="392" raioMedOrbitakm="185404" massaKg="3.75e19"
        categoria="redondo" gravidadeEquatorial="0.0636" densidade="1.15" massaGM="2.502"
        periodoOrbitalD="0.9424" volume="3.3e7" anoDescobrimento="1789"
        descobertoPor="William Herschel">
        <imagem href="mimas.jpg"/>
    </satelite>
    <satelite id="p6.21" nome="Methone" diametrokm="3.2" raioMedOrbitakm="194440"
        anoDescobrimento="2004" descobertoPor="Cassini-Huygens"/>
    <satelite id="p6.22" nome="Anthe" diametrokm="2" raioMedOrbitakm="197700"
        anoDescobrimento="2007" descobertoPor="Cassini-Huygens"/>
    <satelite id="p6.23" nome="Pallene" diametrokm="4.4" raioMedOrbitakm="212280"
        anoDescobrimento="2004" descobertoPor="Cassini-Huygens"/>
    <satelite id="p6.8" nome="Encelado" diametrokm="500" raioMedOrbitakm="237950" massaKg="1.08e20"
        categoria="redondo" gravidadeEquatorial="0.111" densidade="1.61" massaGM="7.207"
        periodoOrbitalD="1.3702" volume="6.7e7" anoDescobrimento="1789"
        descobertoPor="William Herschel">
        <imagem href="enceladus.jpg"/>
    </satelite>
    <satelite id="p6.9" nome="Tétis" diametrokm="1060" raioMedOrbitakm="294619" massaKg="1.024e20"
        categoria="redondo" gravidadeEquatorial="0.145" densidade="0.96" massaGM="6.833"
        periodoOrbitalD="1.8878" volume="6.3e8" anoDescobrimento="1684"
        descobertoPor="Giovanni Cassini">
        <imagem href="tethys.jpg"/>
    </satelite>
    <satelite id="p6.10" nome="Telesto" diametrokm="30" raioMedOrbitakm="294619"
        anoDescobrimento="1980" descobertoPor="B. Smith, H. Reitsema, S. Larson, J. Fountain"/>
    <satelite id="p6.11" nome="Calipso" diametrokm="28" raioMedOrbitakm="294619"
        anoDescobrimento="1980" descobertoPor="D. Pascu, P. Seidelmann, W. Baum, D. Currie"/>
    <satelite id="p6.12" nome="Dione" diametrokm="1120" raioMedOrbitakm="377396" massaKg="1.095e21"
        categoria="redondo" gravidadeEquatorial="0.231" densidade="1.48" massaGM="73.069"
        periodoOrbitalD="2.7369" volume="7.4e8" anoDescobrimento="1684"
        descobertoPor="Giovanni Cassini">
        <imagem href="dione.jpg"/>
    </satelite>
    <satelite id="p6.13" nome="Helena" diametrokm="34" raioMedOrbitakm="377396"
        anoDescobrimento="1980" descobertoPor="P. Laques, J. Lecacheux"/>
    <satelite id="p6.24" nome="Polydeuces" diametrokm="2.6" raioMedOrbitakm="377396"
        anoDescobrimento="2004" descobertoPor="Cassini-Huygens"/>
    <satelite id="p6.14" nome="Rhea" diametrokm="1530" raioMedOrbitakm="527108" massaKg="2.306e21"
        categoria="redondo" gravidadeEquatorial="0.264" densidade="1.23" massaGM="153.879"
        periodoOrbitalD="4.5182" volume="1.9e9" anoDescobrimento="1672"
        descobertoPor="Giovanni Cassini">
        <imagem href="rhea.jpg"/>
    </satelite>
    <satelite id="p6.15" nome="Titã" diametrokm="5150" raioMedOrbitakm="1221930" massaKg="1.35e23"
        categoria="redondo" gravidadeEquatorial="1.35" densidade="1.88" massaGM="9008.55"
        periodoOrbitalD="15.945" volume="7.16e10" anoDescobrimento="1655"
        descobertoPor="Christian Huygens">
        <imagem href="titan.jpg"/>
    </satelite>
    <satelite id="p6.16" nome="Hiperion" diametrokm="300" raioMedOrbitakm="1481010"
        anoDescobrimento="1848" descobertoPor="William Bond, George Bond, William Lassell"/>
    <satelite id="p6.17" nome="Iapetus" diametrokm="1460" raioMedOrbitakm="3560820"
        massaKg="1.81e21" categoria="redondo" gravidadeEquatorial="0.22" densidade="1.08"
        massaGM="120.781" periodoOrbitalD="79.322" volume="1.67e9" anoDescobrimento="1671"
        descobertoPor="Giovanni Cassini">
        <imagem href="iapetus.jpg"/>
    </satelite>
    <satelite id="p6.25" nome="Kiviuq" diametrokm="16" raioMedOrbitakm="11294800"
        anoDescobrimento="2000" descobertoPor="Brett Gladman, John Kavelaars, et al."/>
    <satelite id="p6.26" nome="Ijiraq" diametrokm="12" raioMedOrbitakm="11355316"
        anoDescobrimento="2000" descobertoPor="Brett Gladman, John Kavelaars, et al."/>
    <satelite id="p6.18" nome="Phoebe" diametrokm="214" raioMedOrbitakm="12869700"
        anoDescobrimento="1899" descobertoPor="William Pickering"/>
    <satelite id="p6.27" nome="Paaliaq" diametrokm="22" raioMedOrbitakm="15103400"
        anoDescobrimento="2000" descobertoPor="Brett Gladman, John Kavelaars, et al."/>
    <satelite id="p6.28" nome="Skathi" diametrokm="8" raioMedOrbitakm="15672500"
        anoDescobrimento="2000" descobertoPor="Brett Gladman, John Kavelaars, et al."/>
    <satelite id="p6.29" nome="Albiorix" diametrokm="32" raioMedOrbitakm="16266700"
        anoDescobrimento="2000" descobertoPor="Matthew Holman"/>
    <satelite id="p6.30" nome="S/2007 S2" diametrokm="6" raioMedOrbitakm="16560000"
        anoDescobrimento="2007"
        descobertoPor="Scott Sheppard, David Jewitt, Jan Kleyna, Brian Marsden"/>
    <satelite id="p6.31" nome="Bebhionn" diametrokm="6" raioMedOrbitakm="17153520"
        anoDescobrimento="2004" descobertoPor="Scott Sheppard, David Jewitt, Jan Kleyna"/>
    <satelite id="p6.32" nome="Erriapus" diametrokm="10" raioMedOrbitakm="17236900"
        anoDescobrimento="2000" descobertoPor="Brett Gladman, John Kavelaars, et al."/>
    <satelite id="p6.33" nome="Skoll" diametrokm="6" raioMedOrbitakm="17473800"
        anoDescobrimento="2006" descobertoPor="Scott Sheppard, David Jewitt, Jan Kleyna"/>
    <satelite id="p6.34" nome="Siarnaq" diametrokm="40" raioMedOrbitakm="17776600"
        anoDescobrimento="2000" descobertoPor="Brett Gladman, John Kavelaars, et al."/>
    <satelite id="p6.35" nome="Tarqeq" diametrokm="7" raioMedOrbitakm="17910600"
        anoDescobrimento="2007" descobertoPor="Scott Sheppard, David Jewitt, Jan Kleyna"/>
    <satelite id="p6.36" nome="S/2004 S13" diametrokm="6" raioMedOrbitakm="18056300"
        anoDescobrimento="2004" descobertoPor="Scott Sheppard, David Jewitt, Jan Kleyna"/>
    <satelite id="p6.37" nome="Greip" diametrokm="6" raioMedOrbitakm="18065700"
        anoDescobrimento="2006" descobertoPor="Scott Sheppard, David Jewitt, Jan Kleyna"/>
    <satelite id="p6.38" nome="Hyrrokkin" diametrokm="8" raioMedOrbitakm="18168300"
        anoDescobrimento="2006" descobertoPor="Scott Sheppard, David Jewitt, Jan Kleyna"/>
    <satelite id="p6.39" nome="Jarnsaxa" diametrokm="6" raioMedOrbitakm="18556900"
        anoDescobrimento="2006" descobertoPor="Scott Sheppard, David Jewitt, Jan Kleyna"/>
    <satelite id="p6.40" nome="Tarvos" diametrokm="15" raioMedOrbitakm="18562800"
        anoDescobrimento="2000" descobertoPor="Brett Gladman, John Kavelaars, et al."/>
    <satelite id="p6.41" nome="Mundilfari" diametrokm="7" raioMedOrbitakm="18725800"
        anoDescobrimento="2000" descobertoPor="Brett Gladman, John Kavelaars, et al."/>
    <satelite id="p6.42" nome="S/2006 S1" diametrokm="6" raioMedOrbitakm="18930200"
        anoDescobrimento="2006" descobertoPor="Scott Sheppard, David Jewitt, Jan Kleyna"/>
    <satelite id="p6.43" nome="S/2004 S17" diametrokm="4" raioMedOrbitakm="19099200"
        anoDescobrimento="2004" descobertoPor="Scott Sheppard, David Jewitt, Jan Kleyna"/>
    <satelite id="p6.44" nome="Bergelmir" diametrokm="6" raioMedOrbitakm="19104000"
        anoDescobrimento="2004" descobertoPor="Scott Sheppard, David Jewitt, Jan Kleyna"/>
    <satelite id="p6.45" nome="Narvi" diametrokm="7" raioMedOrbitakm="19395200"
        anoDescobrimento="2003" descobertoPor="Scott Sheppard, David Jewitt, Jan Kleyna"/>
    <satelite id="p6.46" nome="Suttungr" diametrokm="7" raioMedOrbitakm="19579000"
        anoDescobrimento="2000" descobertoPor="Brett Gladman, John Kavelaars, et al."/>
    <satelite id="p6.47" nome="Hati" diametrokm="6" raioMedOrbitakm="19709300"
        anoDescobrimento="2004" descobertoPor="Scott Sheppard, David Jewitt, Jan Kleyna"/>
    <satelite id="p6.48" nome="S/2004 S12" diametrokm="5" raioMedOrbitakm="19905900"
        anoDescobrimento="2004" descobertoPor="Scott Sheppard, David Jewitt, Jan Kleyna"/>
    <satelite id="p6.49" nome="Farbauti" diametrokm="5" raioMedOrbitakm="19984800"
        anoDescobrimento="2004" descobertoPor="Scott Sheppard, David Jewitt, Jan Kleyna"/>
    <satelite id="p6.50" nome="Thyrmr" diametrokm="7" raioMedOrbitakm="20278100"
        anoDescobrimento="2000" descobertoPor="Brett Gladman, John Kavelaars, et al."/>
    <satelite id="p6.51" nome="Aegir" diametrokm="8" raioMedOrbitakm="20482900"
        anoDescobrimento="2004" descobertoPor="Scott Sheppard, David Jewitt, Jan Kleyna"/>
    <satelite id="p6.52" nome="S 2007 S3" diametrokm="5" raioMedOrbitakm="20518500"
        anoDescobrimento="2007" descobertoPor="Scott Sheppard, David Jewitt, Jan Kleyna"/>
    <satelite id="p6.53" nome="Bestla" diametrokm="7" raioMedOrbitakm="20570000"
        anoDescobrimento="2004" descobertoPor="Scott Sheppard, David Jewitt, Jan Kleyna"/>
    <satelite id="p6.54" nome="S/2004 S7" diametrokm="6" raioMedOrbitakm="20576700"
        anoDescobrimento="2004" descobertoPor="Scott Sheppard, David Jewitt, Jan Kleyna"/>
    <satelite id="p6.55" nome="S/2006 S3" diametrokm="6" raioMedOrbitakm="21076300"
        anoDescobrimento="2006" descobertoPor="Scott Sheppard, David Jewitt, Jan Kleyna"/>
    <satelite id="p6.61" nome="Fenrir" diametrokm="4" raioMedOrbitakm="21930644"
        anoDescobrimento="2004" descobertoPor="Scott Sheppard, David Jewitt, Jan Kleyna"/>
    <satelite id="p6.56" nome="Surtur" diametrokm="6" raioMedOrbitakm="22288916"
        anoDescobrimento="2006" descobertoPor="Scott Sheppard, David Jewitt, Jan Kleyna"/>
    <satelite id="p6.57" nome="Kari" diametrokm="7" raioMedOrbitakm="22321200"
        anoDescobrimento="2006" descobertoPor="Scott Sheppard, David Jewitt, Jan Kleyna"/>
    <satelite id="p6.58" nome="Ymir" diametrokm="18" raioMedOrbitakm="22429673"
        anoDescobrimento="2000" descobertoPor="Brett Gladman, John Kavelaars, et al."/>
    <satelite id="p6.59" nome="Loge" diametrokm="6" raioMedOrbitakm="22984322"
        anoDescobrimento="2006" descobertoPor="Scott Sheppard, David Jewitt, Jan Kleyna"/>
    <satelite id="p6.60" nome="Fornjot" diametrokm="6" raioMedOrbitakm="24504879"
        anoDescobrimento="2004" descobertoPor="Scott Sheppard, David Jewitt, Jan Kleyna"/>
</planeta>
